tax_id	species	genus	family	order	class	phylum	clade	superkingdom	subspecies	species subgroup	species group
83555	Chlamydia abortus	Chlamydia	Chlamydiaceae	Chlamydiales	Chlamydiia	Chlamydiae	PVC group	Bacteria			
1457141	Chlamydia avium	Chlamydia	Chlamydiaceae	Chlamydiales	Chlamydiia	Chlamydiae	PVC group	Bacteria			
83557	Chlamydia caviae	Chlamydia	Chlamydiaceae	Chlamydiales	Chlamydiia	Chlamydiae	PVC group	Bacteria			
83556	Chlamydia felis	Chlamydia	Chlamydiaceae	Chlamydiales	Chlamydiia	Chlamydiae	PVC group	Bacteria			
1457153	Chlamydia gallinacea	Chlamydia	Chlamydiaceae	Chlamydiales	Chlamydiia	Chlamydiae	PVC group	Bacteria			
1405396	Chlamydia ibidis	Chlamydia	Chlamydiaceae	Chlamydiales	Chlamydiia	Chlamydiae	PVC group	Bacteria			
83560	Chlamydia muridarum	Chlamydia	Chlamydiaceae	Chlamydiales	Chlamydiia	Chlamydiae	PVC group	Bacteria			
85991	Chlamydia pecorum	Chlamydia	Chlamydiaceae	Chlamydiales	Chlamydiia	Chlamydiae	PVC group	Bacteria			
83558	Chlamydia pneumoniae	Chlamydia	Chlamydiaceae	Chlamydiales	Chlamydiia	Chlamydiae	PVC group	Bacteria			
83554	Chlamydia psittaci	Chlamydia	Chlamydiaceae	Chlamydiales	Chlamydiia	Chlamydiae	PVC group	Bacteria			
1967782	Chlamydia sp. H15-1957-10C	Chlamydia	Chlamydiaceae	Chlamydiales	Chlamydiia	Chlamydiae	PVC group	Bacteria			
1967783	Chlamydia sp. S15-834C	Chlamydia	Chlamydiaceae	Chlamydiales	Chlamydiia	Chlamydiae	PVC group	Bacteria			
83559	Chlamydia suis	Chlamydia	Chlamydiaceae	Chlamydiales	Chlamydiia	Chlamydiae	PVC group	Bacteria			
813	Chlamydia trachomatis	Chlamydia	Chlamydiaceae	Chlamydiales	Chlamydiia	Chlamydiae	PVC group	Bacteria			
638619	Bifidobacterium actinocoloniiforme	Bifidobacterium	Bifidobacteriaceae	Bifidobacteriales	Actinobacteria	Actinobacteria	Terrabacteria group	Bacteria			
1680	Bifidobacterium adolescentis	Bifidobacterium	Bifidobacteriaceae	Bifidobacteriales	Actinobacteria	Actinobacteria	Terrabacteria group	Bacteria			
1798155	Bifidobacterium aerophilum	Bifidobacterium	Bifidobacteriaceae	Bifidobacteriales	Actinobacteria	Actinobacteria	Terrabacteria group	Bacteria			
1329411	Bifidobacterium aesculapii	Bifidobacterium	Bifidobacteriaceae	Bifidobacteriales	Actinobacteria	Actinobacteria	Terrabacteria group	Bacteria			
1683	Bifidobacterium angulatum	Bifidobacterium	Bifidobacteriaceae	Bifidobacteriales	Actinobacteria	Actinobacteria	Terrabacteria group	Bacteria			
28025	Bifidobacterium animalis	Bifidobacterium	Bifidobacteriaceae	Bifidobacteriales	Actinobacteria	Actinobacteria	Terrabacteria group	Bacteria			
1769423	Bifidobacterium apri	Bifidobacterium	Bifidobacteriaceae	Bifidobacteriales	Actinobacteria	Actinobacteria	Terrabacteria group	Bacteria			
1653207	Bifidobacterium aquikefiri	Bifidobacterium	Bifidobacteriaceae	Bifidobacteriales	Actinobacteria	Actinobacteria	Terrabacteria group	Bacteria			
1684	Bifidobacterium asteroides	Bifidobacterium	Bifidobacteriaceae	Bifidobacteriales	Actinobacteria	Actinobacteria	Terrabacteria group	Bacteria			
1798157	Bifidobacterium avesanii	Bifidobacterium	Bifidobacteriaceae	Bifidobacteriales	Actinobacteria	Actinobacteria	Terrabacteria group	Bacteria			
762212	Bifidobacterium biavatii	Bifidobacterium	Bifidobacteriaceae	Bifidobacteriales	Actinobacteria	Actinobacteria	Terrabacteria group	Bacteria			
1681	Bifidobacterium bifidum	Bifidobacterium	Bifidobacteriaceae	Bifidobacteriales	Actinobacteria	Actinobacteria	Terrabacteria group	Bacteria			
638617	Bifidobacterium bohemicum	Bifidobacterium	Bifidobacteriaceae	Bifidobacteriales	Actinobacteria	Actinobacteria	Terrabacteria group	Bacteria			
471511	Bifidobacterium bombi	Bifidobacterium	Bifidobacteriaceae	Bifidobacteriales	Actinobacteria	Actinobacteria	Terrabacteria group	Bacteria			
78343	Bifidobacterium boum	Bifidobacterium	Bifidobacteriaceae	Bifidobacteriales	Actinobacteria	Actinobacteria	Terrabacteria group	Bacteria			
1685	Bifidobacterium breve	Bifidobacterium	Bifidobacteriaceae	Bifidobacteriales	Actinobacteria	Actinobacteria	Terrabacteria group	Bacteria			
2052941	Bifidobacterium callitrichidarum	Bifidobacterium	Bifidobacteriaceae	Bifidobacteriales	Actinobacteria	Actinobacteria	Terrabacteria group	Bacteria			
762209	Bifidobacterium callitrichos	Bifidobacterium	Bifidobacteriaceae	Bifidobacteriales	Actinobacteria	Actinobacteria	Terrabacteria group	Bacteria			
1686	Bifidobacterium catenulatum	Bifidobacterium	Bifidobacteriaceae	Bifidobacteriales	Actinobacteria	Actinobacteria	Terrabacteria group	Bacteria			
1630173	Bifidobacterium catulorum	Bifidobacterium	Bifidobacteriaceae	Bifidobacteriales	Actinobacteria	Actinobacteria	Terrabacteria group	Bacteria			
35760	Bifidobacterium choerinum	Bifidobacterium	Bifidobacteriaceae	Bifidobacteriales	Actinobacteria	Actinobacteria	Terrabacteria group	Bacteria			
1505727	Bifidobacterium commune	Bifidobacterium	Bifidobacteriaceae	Bifidobacteriales	Actinobacteria	Actinobacteria	Terrabacteria group	Bacteria			
1687	Bifidobacterium coryneforme	Bifidobacterium	Bifidobacteriaceae	Bifidobacteriales	Actinobacteria	Actinobacteria	Terrabacteria group	Bacteria			
327277	Bifidobacterium crudilactis	Bifidobacterium	Bifidobacteriaceae	Bifidobacteriales	Actinobacteria	Actinobacteria	Terrabacteria group	Bacteria			
1688	Bifidobacterium cuniculi	Bifidobacterium	Bifidobacteriaceae	Bifidobacteriales	Actinobacteria	Actinobacteria	Terrabacteria group	Bacteria			
1689	Bifidobacterium dentium	Bifidobacterium	Bifidobacteriaceae	Bifidobacteriales	Actinobacteria	Actinobacteria	Terrabacteria group	Bacteria			
1765219	Bifidobacterium eulemuris	Bifidobacterium	Bifidobacteriaceae	Bifidobacteriales	Actinobacteria	Actinobacteria	Terrabacteria group	Bacteria			
1454229	Bifidobacterium faecale	Bifidobacterium	Bifidobacteriaceae	Bifidobacteriales	Actinobacteria	Actinobacteria	Terrabacteria group	Bacteria			
78342	Bifidobacterium gallicum	Bifidobacterium	Bifidobacteriaceae	Bifidobacteriales	Actinobacteria	Actinobacteria	Terrabacteria group	Bacteria			
78344	Bifidobacterium gallinarum	Bifidobacterium	Bifidobacteriaceae	Bifidobacteriales	Actinobacteria	Actinobacteria	Terrabacteria group	Bacteria			
1630172	Bifidobacterium hapali	Bifidobacterium	Bifidobacteriaceae	Bifidobacteriales	Actinobacteria	Actinobacteria	Terrabacteria group	Bacteria			
1691	Bifidobacterium indicum	Bifidobacterium	Bifidobacteriaceae	Bifidobacteriales	Actinobacteria	Actinobacteria	Terrabacteria group	Bacteria			
1603886	Bifidobacterium lemurum	Bifidobacterium	Bifidobacteriaceae	Bifidobacteriales	Actinobacteria	Actinobacteria	Terrabacteria group	Bacteria			
216816	Bifidobacterium longum	Bifidobacterium	Bifidobacteriaceae	Bifidobacteriales	Actinobacteria	Actinobacteria	Terrabacteria group	Bacteria			
1692	Bifidobacterium magnum	Bifidobacterium	Bifidobacteriaceae	Bifidobacteriales	Actinobacteria	Actinobacteria	Terrabacteria group	Bacteria			
78345	Bifidobacterium merycicum	Bifidobacterium	Bifidobacteriaceae	Bifidobacteriales	Actinobacteria	Actinobacteria	Terrabacteria group	Bacteria			
1693	Bifidobacterium minimum	Bifidobacterium	Bifidobacteriaceae	Bifidobacteriales	Actinobacteria	Actinobacteria	Terrabacteria group	Bacteria			
518643	Bifidobacterium mongoliense	Bifidobacterium	Bifidobacteriaceae	Bifidobacteriales	Actinobacteria	Actinobacteria	Terrabacteria group	Bacteria			
1333651	Bifidobacterium moukalabense	Bifidobacterium	Bifidobacteriaceae	Bifidobacteriales	Actinobacteria	Actinobacteria	Terrabacteria group	Bacteria			
1630166	Bifidobacterium myosotis	Bifidobacterium	Bifidobacteriaceae	Bifidobacteriales	Actinobacteria	Actinobacteria	Terrabacteria group	Bacteria			
28026	Bifidobacterium pseudocatenulatum	Bifidobacterium	Bifidobacteriaceae	Bifidobacteriales	Actinobacteria	Actinobacteria	Terrabacteria group	Bacteria			
1694	Bifidobacterium pseudolongum	Bifidobacterium	Bifidobacteriaceae	Bifidobacteriales	Actinobacteria	Actinobacteria	Terrabacteria group	Bacteria			
218140	Bifidobacterium psychraerophilum	Bifidobacterium	Bifidobacteriaceae	Bifidobacteriales	Actinobacteria	Actinobacteria	Terrabacteria group	Bacteria			
78448	Bifidobacterium pullorum	Bifidobacterium	Bifidobacteriaceae	Bifidobacteriales	Actinobacteria	Actinobacteria	Terrabacteria group	Bacteria			
1798158	Bifidobacterium ramosum	Bifidobacterium	Bifidobacteriaceae	Bifidobacteriales	Actinobacteria	Actinobacteria	Terrabacteria group	Bacteria			
983706	Bifidobacterium reuteri	Bifidobacterium	Bifidobacteriaceae	Bifidobacteriales	Actinobacteria	Actinobacteria	Terrabacteria group	Bacteria			
2045439	Bifidobacterium rousetti	Bifidobacterium	Bifidobacteriaceae	Bifidobacteriales	Actinobacteria	Actinobacteria	Terrabacteria group	Bacteria			
78346	Bifidobacterium ruminantium	Bifidobacterium	Bifidobacteriaceae	Bifidobacteriales	Actinobacteria	Actinobacteria	Terrabacteria group	Bacteria			
78257	Bifidobacterium saeculare	Bifidobacterium	Bifidobacteriaceae	Bifidobacteriales	Actinobacteria	Actinobacteria	Terrabacteria group	Bacteria			
762210	Bifidobacterium saguini	Bifidobacterium	Bifidobacteriaceae	Bifidobacteriales	Actinobacteria	Actinobacteria	Terrabacteria group	Bacteria			
158787	Bifidobacterium scardovii	Bifidobacterium	Bifidobacteriaceae	Bifidobacteriales	Actinobacteria	Actinobacteria	Terrabacteria group	Bacteria			
762211	Bifidobacterium stellenboschense	Bifidobacterium	Bifidobacteriaceae	Bifidobacteriales	Actinobacteria	Actinobacteria	Terrabacteria group	Bacteria			
77635	Bifidobacterium subtile	Bifidobacterium	Bifidobacteriaceae	Bifidobacteriales	Actinobacteria	Actinobacteria	Terrabacteria group	Bacteria			
246618	Bifidobacterium thermacidophilum	Bifidobacterium	Bifidobacteriaceae	Bifidobacteriales	Actinobacteria	Actinobacteria	Terrabacteria group	Bacteria			
33905	Bifidobacterium thermophilum	Bifidobacterium	Bifidobacteriaceae	Bifidobacteriales	Actinobacteria	Actinobacteria	Terrabacteria group	Bacteria			
1630162	Bifidobacterium tissieri	Bifidobacterium	Bifidobacteriaceae	Bifidobacteriales	Actinobacteria	Actinobacteria	Terrabacteria group	Bacteria			
356829	Bifidobacterium tsurumiense	Bifidobacterium	Bifidobacteriaceae	Bifidobacteriales	Actinobacteria	Actinobacteria	Terrabacteria group	Bacteria			
2562524	Bifidobacterium vespertilionis	Bifidobacterium	Bifidobacteriaceae	Bifidobacteriales	Actinobacteria	Actinobacteria	Terrabacteria group	Bacteria			
2702	Gardnerella vaginalis	Gardnerella	Bifidobacteriaceae	Bifidobacteriales	Actinobacteria	Actinobacteria	Terrabacteria group	Bacteria			
1221450	Bacillus abyssalis	Bacillus	Bacillaceae	Bacillales	Bacilli	Firmicutes	Terrabacteria group	Bacteria			
371036	Bacillus acidiceler	Bacillus	Bacillaceae	Bacillales	Bacilli	Firmicutes	Terrabacteria group	Bacteria			
209389	Bacillus acidicola	Bacillus	Bacillaceae	Bacillales	Bacilli	Firmicutes	Terrabacteria group	Bacteria			
1121084	Bacillus acidiproducens	Bacillus	Bacillaceae	Bacillales	Bacilli	Firmicutes	Terrabacteria group	Bacteria			
203540	Bacillus aeolius	Bacillus	Bacillaceae	Bacillales	Bacilli	Firmicutes	Terrabacteria group	Bacteria			
293388	Bacillus aerius	Bacillus	Bacillaceae	Bacillales	Bacilli	Firmicutes	Terrabacteria group	Bacteria			
293389	Bacillus aerophilus	Bacillus	Bacillaceae	Bacillales	Bacilli	Firmicutes	Terrabacteria group	Bacteria			Bacillus altitudinis complex
384933	Bacillus aidingensis	Bacillus	Bacillaceae	Bacillales	Bacilli	Firmicutes	Terrabacteria group	Bacteria			
2026189	Bacillus albus	Bacillus	Bacillaceae	Bacillales	Bacilli	Firmicutes	Terrabacteria group	Bacteria			Bacillus cereus group
304268	Bacillus alkalitelluris	Bacillus	Bacillaceae	Bacillales	Bacilli	Firmicutes	Terrabacteria group	Bacteria			
1550385	Bacillus alkalitolerans	Bacillus	Bacillaceae	Bacillales	Bacilli	Firmicutes	Terrabacteria group	Bacteria			
293387	Bacillus altitudinis	Bacillus	Bacillaceae	Bacillales	Bacilli	Firmicutes	Terrabacteria group	Bacteria			Bacillus altitudinis complex
279215	Bacillus alveayuensis	Bacillus	Bacillaceae	Bacillales	Bacilli	Firmicutes	Terrabacteria group	Bacteria			
1390	Bacillus amyloliquefaciens	Bacillus	Bacillaceae	Bacillales	Bacilli	Firmicutes	Terrabacteria group	Bacteria		Bacillus amyloliquefaciens group	Bacillus subtilis group
1325932	Bacillus andreesenii	Bacillus	Bacillaceae	Bacillales	Bacilli	Firmicutes	Terrabacteria group	Bacteria			
1499685	Bacillus andreraoultii	Bacillus	Bacillaceae	Bacillales	Bacilli	Firmicutes	Terrabacteria group	Bacteria			
1392	Bacillus anthracis	Bacillus	Bacillaceae	Bacillales	Bacilli	Firmicutes	Terrabacteria group	Bacteria			Bacillus cereus group
189382	Bacillus aquimaris	Bacillus	Bacillaceae	Bacillales	Bacilli	Firmicutes	Terrabacteria group	Bacteria			
412384	Bacillus aryabhattai	Bacillus	Bacillaceae	Bacillales	Bacilli	Firmicutes	Terrabacteria group	Bacteria			
1452	Bacillus atrophaeus	Bacillus	Bacillaceae	Bacillales	Bacilli	Firmicutes	Terrabacteria group	Bacteria			Bacillus subtilis group
254410	Bacillus aurantiacus	Bacillus	Bacillaceae	Bacillales	Bacilli	Firmicutes	Terrabacteria group	Bacteria			
1326968	Bacillus australimaris	Bacillus	Bacillaceae	Bacillales	Bacilli	Firmicutes	Terrabacteria group	Bacteria			
1454	Bacillus azotoformans	Bacillus	Bacillaceae	Bacillales	Bacilli	Firmicutes	Terrabacteria group	Bacteria			
1455	Bacillus badius	Bacillus	Bacillaceae	Bacillales	Bacilli	Firmicutes	Terrabacteria group	Bacteria			
1456	Bacillus benzoevorans	Bacillus	Bacillaceae	Bacillales	Bacilli	Firmicutes	Terrabacteria group	Bacteria			
641660	Bacillus beringensis	Bacillus	Bacillaceae	Bacillales	Bacilli	Firmicutes	Terrabacteria group	Bacteria			
632773	Bacillus beveridgei	Bacillus	Bacillaceae	Bacillales	Bacilli	Firmicutes	Terrabacteria group	Bacteria			
1150157	Bacillus bingmayongensis	Bacillus	Bacillaceae	Bacillales	Bacilli	Firmicutes	Terrabacteria group	Bacteria			
658666	Bacillus bombysepticus	Bacillus	Bacillaceae	Bacillales	Bacilli	Firmicutes	Terrabacteria group	Bacteria			Bacillus cereus group
1245521	Bacillus borbori	Bacillus	Bacillaceae	Bacillales	Bacilli	Firmicutes	Terrabacteria group	Bacteria			
1707093	Bacillus camelliae	Bacillus	Bacillaceae	Bacillales	Bacilli	Firmicutes	Terrabacteria group	Bacteria			
1403243	Bacillus canaveralius	Bacillus	Bacillaceae	Bacillales	Bacilli	Firmicutes	Terrabacteria group	Bacteria			
1840411	Bacillus capparidis	Bacillus	Bacillaceae	Bacillales	Bacilli	Firmicutes	Terrabacteria group	Bacteria			
86663	Bacillus carboniphilus	Bacillus	Bacillaceae	Bacillales	Bacilli	Firmicutes	Terrabacteria group	Bacteria			
1503961	Bacillus caseinilyticus	Bacillus	Bacillaceae	Bacillales	Bacilli	Firmicutes	Terrabacteria group	Bacteria			
459347	Bacillus cecembensis	Bacillus	Bacillaceae	Bacillales	Bacilli	Firmicutes	Terrabacteria group	Bacteria			
1413	Bacillus cellulosilyticus	Bacillus	Bacillaceae	Bacillales	Bacilli	Firmicutes	Terrabacteria group	Bacteria			
1396	Bacillus cereus	Bacillus	Bacillaceae	Bacillales	Bacilli	Firmicutes	Terrabacteria group	Bacteria			Bacillus cereus group
427072	Bacillus chagannorensis	Bacillus	Bacillaceae	Bacillales	Bacilli	Firmicutes	Terrabacteria group	Bacteria			
587633	Bacillus chungangensis	Bacillus	Bacillaceae	Bacillales	Bacilli	Firmicutes	Terrabacteria group	Bacteria			
1670641	Bacillus ciccensis	Bacillus	Bacillaceae	Bacillales	Bacilli	Firmicutes	Terrabacteria group	Bacteria			
1208599	Bacillus cihuensis	Bacillus	Bacillaceae	Bacillales	Bacilli	Firmicutes	Terrabacteria group	Bacteria			
1397	Bacillus circulans	Bacillus	Bacillaceae	Bacillales	Bacilli	Firmicutes	Terrabacteria group	Bacteria			
1398	Bacillus coagulans	Bacillus	Bacillaceae	Bacillales	Bacilli	Firmicutes	Terrabacteria group	Bacteria			
408580	Bacillus coahuilensis	Bacillus	Bacillaceae	Bacillales	Bacilli	Firmicutes	Terrabacteria group	Bacteria			
33932	Bacillus cohnii	Bacillus	Bacillaceae	Bacillales	Bacilli	Firmicutes	Terrabacteria group	Bacteria			
1245523	Bacillus composti	Bacillus	Bacillaceae	Bacillales	Bacilli	Firmicutes	Terrabacteria group	Bacteria			
1563637	Bacillus crescens	Bacillus	Bacillaceae	Bacillales	Bacilli	Firmicutes	Terrabacteria group	Bacteria			
580165	Bacillus cytotoxicus	Bacillus	Bacillaceae	Bacillales	Bacilli	Firmicutes	Terrabacteria group	Bacteria			Bacillus cereus group
1742359	Bacillus dafuensis	Bacillus	Bacillaceae	Bacillales	Bacilli	Firmicutes	Terrabacteria group	Bacteria			
1926278	Bacillus dakarensis	Bacillus	Bacillaceae	Bacillales	Bacilli	Firmicutes	Terrabacteria group	Bacteria			
745820	Bacillus daliensis	Bacillus	Bacillaceae	Bacillales	Bacilli	Firmicutes	Terrabacteria group	Bacteria			
1494429	Bacillus ectoiniformans	Bacillus	Bacillaceae	Bacillales	Bacilli	Firmicutes	Terrabacteria group	Bacteria			
1402860	Bacillus enclensis	Bacillus	Bacillaceae	Bacillales	Bacilli	Firmicutes	Terrabacteria group	Bacteria			
135735	Bacillus endophyticus	Bacillus	Bacillaceae	Bacillales	Bacilli	Firmicutes	Terrabacteria group	Bacteria			
2036016	Bacillus endozanthoxylicus	Bacillus	Bacillaceae	Bacillales	Bacilli	Firmicutes	Terrabacteria group	Bacteria			
254757	Bacillus farraginis	Bacillus	Bacillaceae	Bacillales	Bacilli	Firmicutes	Terrabacteria group	Bacteria			
1285900	Bacillus fengqiuensis	Bacillus	Bacillaceae	Bacillales	Bacilli	Firmicutes	Terrabacteria group	Bacteria			
1920257	Bacillus fermenti	Bacillus	Bacillaceae	Bacillales	Bacilli	Firmicutes	Terrabacteria group	Bacteria			
1402861	Bacillus filamentosus	Bacillus	Bacillaceae	Bacillales	Bacilli	Firmicutes	Terrabacteria group	Bacteria			
86664	Bacillus flexus	Bacillus	Bacillaceae	Bacillales	Bacilli	Firmicutes	Terrabacteria group	Bacteria			
254759	Bacillus fordii	Bacillus	Bacillaceae	Bacillales	Bacilli	Firmicutes	Terrabacteria group	Bacteria			
254758	Bacillus fortis	Bacillus	Bacillaceae	Bacillales	Bacilli	Firmicutes	Terrabacteria group	Bacteria			
1783501	Bacillus freudenreichii	Bacillus	Bacillaceae	Bacillales	Bacilli	Firmicutes	Terrabacteria group	Bacteria			
137993	Bacillus funiculus	Bacillus	Bacillaceae	Bacillales	Bacilli	Firmicutes	Terrabacteria group	Bacteria			
574375	Bacillus gaemokensis	Bacillus	Bacillaceae	Bacillales	Bacilli	Firmicutes	Terrabacteria group	Bacteria			Bacillus cereus group
217031	Bacillus galactosidilyticus	Bacillus	Bacillaceae	Bacillales	Bacilli	Firmicutes	Terrabacteria group	Bacteria			
79881	Bacillus gibsonii	Bacillus	Bacillaceae	Bacillales	Bacilli	Firmicutes	Terrabacteria group	Bacteria			
363870	Bacillus ginsengihumi	Bacillus	Bacillaceae	Bacillales	Bacilli	Firmicutes	Terrabacteria group	Bacteria			
904295	Bacillus ginsengisoli	Bacillus	Bacillaceae	Bacillales	Bacilli	Firmicutes	Terrabacteria group	Bacteria			
1664069	Bacillus glycinifermentans	Bacillus	Bacillaceae	Bacillales	Bacilli	Firmicutes	Terrabacteria group	Bacteria			
1441095	Bacillus gobiensis	Bacillus	Bacillaceae	Bacillales	Bacilli	Firmicutes	Terrabacteria group	Bacteria			
735518	Bacillus graminis	Bacillus	Bacillaceae	Bacillales	Bacilli	Firmicutes	Terrabacteria group	Bacteria			
1510468	Bacillus haikouensis	Bacillus	Bacillaceae	Bacillales	Bacilli	Firmicutes	Terrabacteria group	Bacteria			
79882	Bacillus halmapalus	Bacillus	Bacillaceae	Bacillales	Bacilli	Firmicutes	Terrabacteria group	Bacteria			
260554	Bacillus halotolerans	Bacillus	Bacillaceae	Bacillales	Bacilli	Firmicutes	Terrabacteria group	Bacteria		Bacillus mojavensis subgroup	Bacillus subtilis group
1925021	Bacillus haynesii	Bacillus	Bacillaceae	Bacillales	Bacilli	Firmicutes	Terrabacteria group	Bacteria			
996558	Bacillus hisashii	Bacillus	Bacillaceae	Bacillales	Bacilli	Firmicutes	Terrabacteria group	Bacteria			
79883	Bacillus horikoshii	Bacillus	Bacillaceae	Bacillales	Bacilli	Firmicutes	Terrabacteria group	Bacteria			
77523	Bacillus horti	Bacillus	Bacillaceae	Bacillales	Bacilli	Firmicutes	Terrabacteria group	Bacteria			
263474	Bacillus humi	Bacillus	Bacillaceae	Bacillales	Bacilli	Firmicutes	Terrabacteria group	Bacteria			
324768	Bacillus idriensis	Bacillus	Bacillaceae	Bacillales	Bacilli	Firmicutes	Terrabacteria group	Bacteria			
324767	Bacillus infantis	Bacillus	Bacillaceae	Bacillales	Bacilli	Firmicutes	Terrabacteria group	Bacteria			
38072	Bacillus infernus	Bacillus	Bacillaceae	Bacillales	Bacilli	Firmicutes	Terrabacteria group	Bacteria			
2291674	Bacillus iocasae	Bacillus	Bacillaceae	Bacillales	Bacilli	Firmicutes	Terrabacteria group	Bacteria			
432607	Bacillus isabeliae	Bacillus	Bacillaceae	Bacillales	Bacilli	Firmicutes	Terrabacteria group	Bacteria			
2078952	Bacillus kexueae	Bacillus	Bacillaceae	Bacillales	Bacilli	Firmicutes	Terrabacteria group	Bacteria			
1548599	Bacillus kiskunsagensis	Bacillus	Bacillaceae	Bacillales	Bacilli	Firmicutes	Terrabacteria group	Bacteria			
1247960	Bacillus kokeshiiformis	Bacillus	Bacillaceae	Bacillales	Bacilli	Firmicutes	Terrabacteria group	Bacteria			
284581	Bacillus koreensis	Bacillus	Bacillaceae	Bacillales	Bacilli	Firmicutes	Terrabacteria group	Bacteria			
519977	Bacillus korlensis	Bacillus	Bacillaceae	Bacillales	Bacilli	Firmicutes	Terrabacteria group	Bacteria			
1037680	Bacillus kyonggiensis	Bacillus	Bacillaceae	Bacillales	Bacilli	Firmicutes	Terrabacteria group	Bacteria			
2045244	Bacillus lacisalsi	Bacillus	Bacillaceae	Bacillales	Bacilli	Firmicutes	Terrabacteria group	Bacteria			
1983721	Bacillus lacus	Bacillus	Bacillaceae	Bacillales	Bacilli	Firmicutes	Terrabacteria group	Bacteria			
1467	Bacillus lentus	Bacillus	Bacillaceae	Bacillales	Bacilli	Firmicutes	Terrabacteria group	Bacteria			
1402	Bacillus licheniformis	Bacillus	Bacillaceae	Bacillales	Bacilli	Firmicutes	Terrabacteria group	Bacteria			Bacillus subtilis group
178774	Bacillus luciferensis	Bacillus	Bacillaceae	Bacillales	Bacilli	Firmicutes	Terrabacteria group	Bacteria			
682179	Bacillus luteolus	Bacillus	Bacillaceae	Bacillales	Bacilli	Firmicutes	Terrabacteria group	Bacteria			
1237094	Bacillus luteus	Bacillus	Bacillaceae	Bacillales	Bacilli	Firmicutes	Terrabacteria group	Bacteria			
2026191	Bacillus luti	Bacillus	Bacillaceae	Bacillales	Bacilli	Firmicutes	Terrabacteria group	Bacteria			Bacillus cereus group
1325689	Bacillus lycopersici	Bacillus	Bacillaceae	Bacillales	Bacilli	Firmicutes	Terrabacteria group	Bacteria			
1491830	Bacillus mangrovi	Bacillus	Bacillaceae	Bacillales	Bacilli	Firmicutes	Terrabacteria group	Bacteria			
574376	Bacillus manliponensis	Bacillus	Bacillaceae	Bacillales	Bacilli	Firmicutes	Terrabacteria group	Bacteria			Bacillus cereus group
1418	Bacillus mannanilyticus	Bacillus	Bacillaceae	Bacillales	Bacilli	Firmicutes	Terrabacteria group	Bacteria			
2078954	Bacillus manusensis	Bacillus	Bacillaceae	Bacillales	Bacilli	Firmicutes	Terrabacteria group	Bacteria			
1926279	Bacillus marasmi	Bacillus	Bacillaceae	Bacillales	Bacilli	Firmicutes	Terrabacteria group	Bacteria			
679261	Bacillus marcorestinctum	Bacillus	Bacillaceae	Bacillales	Bacilli	Firmicutes	Terrabacteria group	Bacteria			
1821260	Bacillus marinisedimentorum	Bacillus	Bacillaceae	Bacillales	Bacilli	Firmicutes	Terrabacteria group	Bacteria			
189381	Bacillus marisflavi	Bacillus	Bacillaceae	Bacillales	Bacilli	Firmicutes	Terrabacteria group	Bacteria			
1468413	Bacillus massilioanorexius	Bacillus	Bacillaceae	Bacillales	Bacilli	Firmicutes	Terrabacteria group	Bacteria			
1243664	Bacillus massiliogorillae	Bacillus	Bacillaceae	Bacillales	Bacilli	Firmicutes	Terrabacteria group	Bacteria			
1287657	Bacillus massiliosenegalensis	Bacillus	Bacillaceae	Bacillales	Bacilli	Firmicutes	Terrabacteria group	Bacteria			
1805474	Bacillus mediterraneensis	Bacillus	Bacillaceae	Bacillales	Bacilli	Firmicutes	Terrabacteria group	Bacteria			
1404	Bacillus megaterium	Bacillus	Bacillaceae	Bacillales	Bacilli	Firmicutes	Terrabacteria group	Bacteria			
1808955	Bacillus mesophilus	Bacillus	Bacillaceae	Bacillales	Bacilli	Firmicutes	Terrabacteria group	Bacteria			
1471	Bacillus methanolicus	Bacillus	Bacillaceae	Bacillales	Bacilli	Firmicutes	Terrabacteria group	Bacteria			
2026190	Bacillus mobilis	Bacillus	Bacillaceae	Bacillales	Bacilli	Firmicutes	Terrabacteria group	Bacteria			Bacillus cereus group
72360	Bacillus mojavensis	Bacillus	Bacillaceae	Bacillales	Bacilli	Firmicutes	Terrabacteria group	Bacteria		Bacillus mojavensis subgroup	Bacillus subtilis group
1405	Bacillus mycoides	Bacillus	Bacillaceae	Bacillales	Bacilli	Firmicutes	Terrabacteria group	Bacteria			Bacillus cereus group
1793963	Bacillus nakamurai	Bacillus	Bacillaceae	Bacillales	Bacilli	Firmicutes	Terrabacteria group	Bacteria			
1347368	Bacillus ndiopicus	Bacillus	Bacillaceae	Bacillales	Bacilli	Firmicutes	Terrabacteria group	Bacteria			
115979	Bacillus nealsonii	Bacillus	Bacillaceae	Bacillales	Bacilli	Firmicutes	Terrabacteria group	Bacteria			
302048	Bacillus nematocida	Bacillus	Bacillaceae	Bacillales	Bacilli	Firmicutes	Terrabacteria group	Bacteria			
1522308	Bacillus niameyensis	Bacillus	Bacillaceae	Bacillales	Bacilli	Firmicutes	Terrabacteria group	Bacteria			
2026193	Bacillus nitratireducens	Bacillus	Bacillaceae	Bacillales	Bacilli	Firmicutes	Terrabacteria group	Bacteria			Bacillus cereus group
1653776	Bacillus oceani Song et al. 2016	Bacillus	Bacillaceae	Bacillales	Bacilli	Firmicutes	Terrabacteria group	Bacteria			
1448271	Bacillus oleivorans	Bacillus	Bacillaceae	Bacillales	Bacilli	Firmicutes	Terrabacteria group	Bacteria			
38875	Bacillus oleronius	Bacillus	Bacillaceae	Bacillales	Bacilli	Firmicutes	Terrabacteria group	Bacteria			
1571209	Bacillus onubensis	Bacillus	Bacillaceae	Bacillales	Bacilli	Firmicutes	Terrabacteria group	Bacteria			
1396505	Bacillus oryzaecorticis	Bacillus	Bacillaceae	Bacillales	Bacilli	Firmicutes	Terrabacteria group	Bacteria			
1737571	Bacillus oryzisoli	Bacillus	Bacillaceae	Bacillales	Bacilli	Firmicutes	Terrabacteria group	Bacteria			
1191699	Bacillus oryziterrae	Bacillus	Bacillaceae	Bacillales	Bacilli	Firmicutes	Terrabacteria group	Bacteria			
2026187	Bacillus pacificus	Bacillus	Bacillaceae	Bacillales	Bacilli	Firmicutes	Terrabacteria group	Bacteria			Bacillus cereus group
992288	Bacillus pakistanensis	Bacillus	Bacillaceae	Bacillales	Bacilli	Firmicutes	Terrabacteria group	Bacteria			
1255251	Bacillus panacisoli	Bacillus	Bacillaceae	Bacillales	Bacilli	Firmicutes	Terrabacteria group	Bacteria			
363872	Bacillus panaciterrae	Bacillus	Bacillaceae	Bacillales	Bacilli	Firmicutes	Terrabacteria group	Bacteria			
862644	Bacillus paraflexus	Bacillus	Bacillaceae	Bacillales	Bacilli	Firmicutes	Terrabacteria group	Bacteria			
1648923	Bacillus paralicheniformis	Bacillus	Bacillaceae	Bacillales	Bacilli	Firmicutes	Terrabacteria group	Bacteria			Bacillus subtilis group
2026194	Bacillus paramycoides	Bacillus	Bacillaceae	Bacillales	Bacilli	Firmicutes	Terrabacteria group	Bacteria			Bacillus cereus group
2026186	Bacillus paranthracis	Bacillus	Bacillaceae	Bacillales	Bacilli	Firmicutes	Terrabacteria group	Bacteria			Bacillus cereus group
1325931	Bacillus pervagus	Bacillus	Bacillaceae	Bacillales	Bacilli	Firmicutes	Terrabacteria group	Bacteria			
1632684	Bacillus piscicola	Bacillus	Bacillaceae	Bacillales	Bacilli	Firmicutes	Terrabacteria group	Bacteria			
2679916	Bacillus piscis	Bacillus	Bacillaceae	Bacillales	Bacilli	Firmicutes	Terrabacteria group	Bacteria			
363869	Bacillus pocheonensis	Bacillus	Bacillaceae	Bacillales	Bacilli	Firmicutes	Terrabacteria group	Bacteria			
425933	Bacillus polygoni	Bacillus	Bacillaceae	Bacillales	Bacilli	Firmicutes	Terrabacteria group	Bacteria			
2011011	Bacillus populi	Bacillus	Bacillaceae	Bacillales	Bacilli	Firmicutes	Terrabacteria group	Bacteria			
2026192	Bacillus proteolyticus	Bacillus	Bacillaceae	Bacillales	Bacilli	Firmicutes	Terrabacteria group	Bacteria			Bacillus cereus group
64104	Bacillus pseudomycoides	Bacillus	Bacillaceae	Bacillales	Bacilli	Firmicutes	Terrabacteria group	Bacteria			Bacillus cereus group
1408	Bacillus pumilus	Bacillus	Bacillaceae	Bacillales	Bacilli	Firmicutes	Terrabacteria group	Bacteria			
1226983	Bacillus qingshengii	Bacillus	Bacillaceae	Bacillales	Bacilli	Firmicutes	Terrabacteria group	Bacteria			
33022	Bacillus racemilacticus	Bacillus	Bacillaceae	Bacillales	Bacilli	Firmicutes	Terrabacteria group	Bacteria			
1499680	Bacillus rubiinfantis	Bacillus	Bacillaceae	Bacillales	Bacilli	Firmicutes	Terrabacteria group	Bacteria			
217495	Bacillus ruris	Bacillus	Bacillaceae	Bacillales	Bacilli	Firmicutes	Terrabacteria group	Bacteria			
561879	Bacillus safensis	Bacillus	Bacillaceae	Bacillales	Bacilli	Firmicutes	Terrabacteria group	Bacteria			
284579	Bacillus salarius	Bacillus	Bacillaceae	Bacillales	Bacilli	Firmicutes	Terrabacteria group	Bacteria			
1437434	Bacillus salitolerans	Bacillus	Bacillaceae	Bacillales	Bacilli	Firmicutes	Terrabacteria group	Bacteria			
930152	Bacillus salsus	Bacillus	Bacillaceae	Bacillales	Bacilli	Firmicutes	Terrabacteria group	Bacteria			
1274353	Bacillus sediminis	Bacillus	Bacillaceae	Bacillales	Bacilli	Firmicutes	Terrabacteria group	Bacteria			
284580	Bacillus seohaeanensis	Bacillus	Bacillaceae	Bacillales	Bacilli	Firmicutes	Terrabacteria group	Bacteria			
157838	Bacillus shackletonii	Bacillus	Bacillaceae	Bacillales	Bacilli	Firmicutes	Terrabacteria group	Bacteria			
659243	Bacillus siamensis	Bacillus	Bacillaceae	Bacillales	Bacilli	Firmicutes	Terrabacteria group	Bacteria		Bacillus amyloliquefaciens group	Bacillus subtilis group
1926280	Bacillus sinesaloumensis	Bacillus	Bacillaceae	Bacillales	Bacilli	Firmicutes	Terrabacteria group	Bacteria			
77777	Bacillus siralis	Bacillus	Bacillaceae	Bacillales	Bacilli	Firmicutes	Terrabacteria group	Bacteria			
1479	Bacillus smithii	Bacillus	Bacillaceae	Bacillales	Bacilli	Firmicutes	Terrabacteria group	Bacteria			
1305675	Bacillus solimangrovi	Bacillus	Bacillaceae	Bacillales	Bacilli	Firmicutes	Terrabacteria group	Bacteria			
1516104	Bacillus solisilvae	Bacillus	Bacillaceae	Bacillales	Bacilli	Firmicutes	Terrabacteria group	Bacteria			
1069116	Bacillus songklensis	Bacillus	Bacillaceae	Bacillales	Bacilli	Firmicutes	Terrabacteria group	Bacteria			
119858	Bacillus sonorensis	Bacillus	Bacillaceae	Bacillales	Bacilli	Firmicutes	Terrabacteria group	Bacteria			Bacillus subtilis group
666686	Bacillus sp. 1NLA3E	Bacillus	Bacillaceae	Bacillales	Bacilli	Firmicutes	Terrabacteria group	Bacteria			
2026248	Bacillus sp. 1s-1	Bacillus	Bacillaceae	Bacillales	Bacilli	Firmicutes	Terrabacteria group	Bacteria			
1941347	Bacillus sp. 275	Bacillus	Bacillaceae	Bacillales	Bacilli	Firmicutes	Terrabacteria group	Bacteria			
1892404	Bacillus sp. ABP14	Bacillus	Bacillaceae	Bacillales	Bacilli	Firmicutes	Terrabacteria group	Bacteria			Bacillus cereus group
2217825	Bacillus sp. AR4-2	Bacillus	Bacillaceae	Bacillales	Bacilli	Firmicutes	Terrabacteria group	Bacteria			Bacillus cereus group
2499213	Bacillus sp. BD59S	Bacillus	Bacillaceae	Bacillales	Bacilli	Firmicutes	Terrabacteria group	Bacteria			
1570330	Bacillus sp. BH072	Bacillus	Bacillaceae	Bacillales	Bacilli	Firmicutes	Terrabacteria group	Bacteria			
1806506	Bacillus sp. BS34A	Bacillus	Bacillaceae	Bacillales	Bacilli	Firmicutes	Terrabacteria group	Bacteria			
2608254	Bacillus sp. BS98	Bacillus	Bacillaceae	Bacillales	Bacilli	Firmicutes	Terrabacteria group	Bacteria			
2267265	Bacillus sp. DM2	Bacillus	Bacillaceae	Bacillales	Bacilli	Firmicutes	Terrabacteria group	Bacteria			
2080759	Bacillus sp. DU-106	Bacillus	Bacillaceae	Bacillales	Bacilli	Firmicutes	Terrabacteria group	Bacteria			
1839798	Bacillus sp. FDAARGOS_235	Bacillus	Bacillaceae	Bacillales	Bacilli	Firmicutes	Terrabacteria group	Bacteria			Bacillus cereus group
2576356	Bacillus sp. FDAARGOS_527	Bacillus	Bacillaceae	Bacillales	Bacilli	Firmicutes	Terrabacteria group	Bacteria			
1837130	Bacillus sp. FJAT-14266	Bacillus	Bacillaceae	Bacillales	Bacilli	Firmicutes	Terrabacteria group	Bacteria			
1856406	Bacillus sp. H15-1	Bacillus	Bacillaceae	Bacillales	Bacilli	Firmicutes	Terrabacteria group	Bacteria			
2053832	Bacillus sp. HBCD-sjtu	Bacillus	Bacillaceae	Bacillales	Bacilli	Firmicutes	Terrabacteria group	Bacteria			Bacillus cereus group
1827146	Bacillus sp. IHB B 7164	Bacillus	Bacillaceae	Bacillales	Bacilli	Firmicutes	Terrabacteria group	Bacteria			
2217832	Bacillus sp. JAS24-2	Bacillus	Bacillaceae	Bacillales	Bacilli	Firmicutes	Terrabacteria group	Bacteria			Bacillus cereus group
1127744	Bacillus sp. JS	Bacillus	Bacillaceae	Bacillales	Bacilli	Firmicutes	Terrabacteria group	Bacteria			
2582827	Bacillus sp. KBS0812	Bacillus	Bacillaceae	Bacillales	Bacilli	Firmicutes	Terrabacteria group	Bacteria			
1628753	Bacillus sp. LM 4-2	Bacillus	Bacillaceae	Bacillales	Bacilli	Firmicutes	Terrabacteria group	Bacteria			
2049935	Bacillus sp. Lzh-5	Bacillus	Bacillaceae	Bacillales	Bacilli	Firmicutes	Terrabacteria group	Bacteria			
2592382	Bacillus sp. M4U3P1	Bacillus	Bacillaceae	Bacillales	Bacilli	Firmicutes	Terrabacteria group	Bacteria			
2009331	Bacillus sp. MD-5	Bacillus	Bacillaceae	Bacillales	Bacilli	Firmicutes	Terrabacteria group	Bacteria			
98228	Bacillus sp. OxB-1	Bacillus	Bacillaceae	Bacillales	Bacilli	Firmicutes	Terrabacteria group	Bacteria			
1446792	Bacillus sp. Pc3	Bacillus	Bacillaceae	Bacillales	Bacilli	Firmicutes	Terrabacteria group	Bacteria			
486398	Bacillus sp. S3	Bacillus	Bacillaceae	Bacillales	Bacilli	Firmicutes	Terrabacteria group	Bacteria			
1774743	Bacillus sp. SDLI1	Bacillus	Bacillaceae	Bacillales	Bacilli	Firmicutes	Terrabacteria group	Bacteria			
2217830	Bacillus sp. SH8-8	Bacillus	Bacillaceae	Bacillales	Bacilli	Firmicutes	Terrabacteria group	Bacteria			Bacillus cereus group
563169	Bacillus sp. SJ-10	Bacillus	Bacillaceae	Bacillales	Bacilli	Firmicutes	Terrabacteria group	Bacteria			
2529386	Bacillus sp. SYJ	Bacillus	Bacillaceae	Bacillales	Bacilli	Firmicutes	Terrabacteria group	Bacteria			
756828	Bacillus sp. WP8	Bacillus	Bacillaceae	Bacillales	Bacilli	Firmicutes	Terrabacteria group	Bacteria			
2448811	Bacillus sp. WR11	Bacillus	Bacillaceae	Bacillales	Bacilli	Firmicutes	Terrabacteria group	Bacteria			
1565991	Bacillus sp. X1(2014)	Bacillus	Bacillaceae	Bacillales	Bacilli	Firmicutes	Terrabacteria group	Bacteria			
2052936	Bacillus sp. Y-01	Bacillus	Bacillaceae	Bacillales	Bacilli	Firmicutes	Terrabacteria group	Bacteria			
352858	Bacillus sp. Y1	Bacillus	Bacillaceae	Bacillales	Bacilli	Firmicutes	Terrabacteria group	Bacteria			
1574141	Bacillus sp. YP1	Bacillus	Bacillaceae	Bacillales	Bacilli	Firmicutes	Terrabacteria group	Bacteria			
2093834	Bacillus sp. ZY-1-1	Bacillus	Bacillaceae	Bacillales	Bacilli	Firmicutes	Terrabacteria group	Bacteria			
2683610	Bacillus spongiae	Bacillus	Bacillaceae	Bacillales	Bacilli	Firmicutes	Terrabacteria group	Bacteria			
46224	Bacillus sporothermodurans	Bacillus	Bacillaceae	Bacillales	Bacilli	Firmicutes	Terrabacteria group	Bacteria			
293386	Bacillus stratosphericus	Bacillus	Bacillaceae	Bacillales	Bacilli	Firmicutes	Terrabacteria group	Bacteria			Bacillus altitudinis complex
1423	Bacillus subtilis	Bacillus	Bacillaceae	Bacillales	Bacilli	Firmicutes	Terrabacteria group	Bacteria			Bacillus subtilis group
1925020	Bacillus swezeyi	Bacillus	Bacillaceae	Bacillales	Bacilli	Firmicutes	Terrabacteria group	Bacteria			
273032	Bacillus taeanensis	Bacillus	Bacillaceae	Bacillales	Bacilli	Firmicutes	Terrabacteria group	Bacteria			
1347902	Bacillus taiwanensis	Bacillus	Bacillaceae	Bacillales	Bacilli	Firmicutes	Terrabacteria group	Bacteria			
2069301	Bacillus tamaricis	Bacillus	Bacillaceae	Bacillales	Bacilli	Firmicutes	Terrabacteria group	Bacteria			
227866	Bacillus tequilensis	Bacillus	Bacillaceae	Bacillales	Bacilli	Firmicutes	Terrabacteria group	Bacteria			Bacillus subtilis group
1914933	Bacillus terrae	Bacillus	Bacillaceae	Bacillales	Bacilli	Firmicutes	Terrabacteria group	Bacteria			
1622072	Bacillus testis	Bacillus	Bacillaceae	Bacillales	Bacilli	Firmicutes	Terrabacteria group	Bacteria			
1178786	Bacillus thaonhiensis	Bacillus	Bacillaceae	Bacillales	Bacilli	Firmicutes	Terrabacteria group	Bacteria			
35841	Bacillus thermoamylovorans	Bacillus	Bacillaceae	Bacillales	Bacilli	Firmicutes	Terrabacteria group	Bacteria			
251051	Bacillus thermolactis	Bacillus	Bacillaceae	Bacillales	Bacilli	Firmicutes	Terrabacteria group	Bacteria			
1245522	Bacillus thermophilus	Bacillus	Bacillaceae	Bacillales	Bacilli	Firmicutes	Terrabacteria group	Bacteria			
230954	Bacillus thermozeamaize	Bacillus	Bacillaceae	Bacillales	Bacilli	Firmicutes	Terrabacteria group	Bacteria			
1428	Bacillus thuringiensis	Bacillus	Bacillaceae	Bacillales	Bacilli	Firmicutes	Terrabacteria group	Bacteria			Bacillus cereus group
582418	Bacillus tianmuensis	Bacillus	Bacillaceae	Bacillales	Bacilli	Firmicutes	Terrabacteria group	Bacteria			
1463404	Bacillus tianshenii	Bacillus	Bacillaceae	Bacillales	Bacilli	Firmicutes	Terrabacteria group	Bacteria			
1033734	Bacillus timonensis	Bacillus	Bacillaceae	Bacillales	Bacilli	Firmicutes	Terrabacteria group	Bacteria			
155322	Bacillus toyonensis	Bacillus	Bacillaceae	Bacillales	Bacilli	Firmicutes	Terrabacteria group	Bacteria			Bacillus cereus group
2026188	Bacillus tropicus	Bacillus	Bacillaceae	Bacillales	Bacilli	Firmicutes	Terrabacteria group	Bacteria			Bacillus cereus group
1548213	Bacillus urumqiensis	Bacillus	Bacillaceae	Bacillales	Bacilli	Firmicutes	Terrabacteria group	Bacteria			
72361	Bacillus vallismortis	Bacillus	Bacillaceae	Bacillales	Bacilli	Firmicutes	Terrabacteria group	Bacteria			Bacillus subtilis group
492670	Bacillus velezensis	Bacillus	Bacillaceae	Bacillales	Bacilli	Firmicutes	Terrabacteria group	Bacteria		Bacillus amyloliquefaciens group	Bacillus subtilis group
218284	Bacillus vietnamensis	Bacillus	Bacillaceae	Bacillales	Bacilli	Firmicutes	Terrabacteria group	Bacteria			
1476025	Bacillus vini	Bacillus	Bacillaceae	Bacillales	Bacilli	Firmicutes	Terrabacteria group	Bacteria			
1547283	Bacillus weihaiensis	Bacillus	Bacillaceae	Bacillales	Bacilli	Firmicutes	Terrabacteria group	Bacteria			
1890302	Bacillus wiedmannii	Bacillus	Bacillaceae	Bacillales	Bacilli	Firmicutes	Terrabacteria group	Bacteria			Bacillus cereus group
1743143	Bacillus wudalianchiensis	Bacillus	Bacillaceae	Bacillales	Bacilli	Firmicutes	Terrabacteria group	Bacteria			
1347903	Bacillus wuyishanensis	Bacillus	Bacillaceae	Bacillales	Bacilli	Firmicutes	Terrabacteria group	Bacteria			
1178537	Bacillus xiamenensis	Bacillus	Bacillaceae	Bacillales	Bacilli	Firmicutes	Terrabacteria group	Bacteria			
2663026	Bacillus zanthoxyli	Bacillus	Bacillaceae	Bacillales	Bacilli	Firmicutes	Terrabacteria group	Bacteria			
1178540	Bacillus zhangzhouensis	Bacillus	Bacillaceae	Bacillales	Bacilli	Firmicutes	Terrabacteria group	Bacteria			
866780	Bacillus zhanjiangensis	Bacillus	Bacillaceae	Bacillales	Bacilli	Firmicutes	Terrabacteria group	Bacteria			
450367	[Brevibacterium] frigoritolerans	Bacillus	Bacillaceae	Bacillales	Bacilli	Firmicutes	Terrabacteria group	Bacteria			
1494960	Listeria aquatica	Listeria	Listeriaceae	Bacillales	Bacilli	Firmicutes	Terrabacteria group	Bacteria			
1494961	Listeria cornellensis	Listeria	Listeriaceae	Bacillales	Bacilli	Firmicutes	Terrabacteria group	Bacteria			
1069827	Listeria fleischmannii	Listeria	Listeriaceae	Bacillales	Bacilli	Firmicutes	Terrabacteria group	Bacteria			
1494962	Listeria floridensis	Listeria	Listeriaceae	Bacillales	Bacilli	Firmicutes	Terrabacteria group	Bacteria			
1641	Listeria grayi	Listeria	Listeriaceae	Bacillales	Bacilli	Firmicutes	Terrabacteria group	Bacteria			
1642	Listeria innocua	Listeria	Listeriaceae	Bacillales	Bacilli	Firmicutes	Terrabacteria group	Bacteria			
1638	Listeria ivanovii	Listeria	Listeriaceae	Bacillales	Bacilli	Firmicutes	Terrabacteria group	Bacteria			
529731	Listeria marthii	Listeria	Listeriaceae	Bacillales	Bacilli	Firmicutes	Terrabacteria group	Bacteria			
1639	Listeria monocytogenes	Listeria	Listeriaceae	Bacillales	Bacilli	Firmicutes	Terrabacteria group	Bacteria			
1494964	Listeria riparia	Listeria	Listeriaceae	Bacillales	Bacilli	Firmicutes	Terrabacteria group	Bacteria			
647910	Listeria rocourtiae	Listeria	Listeriaceae	Bacillales	Bacilli	Firmicutes	Terrabacteria group	Bacteria			
1640	Listeria seeligeri	Listeria	Listeriaceae	Bacillales	Bacilli	Firmicutes	Terrabacteria group	Bacteria			
1006155	Listeria weihenstephanensis	Listeria	Listeriaceae	Bacillales	Bacilli	Firmicutes	Terrabacteria group	Bacteria			
1643	Listeria welshimeri	Listeria	Listeriaceae	Bacillales	Bacilli	Firmicutes	Terrabacteria group	Bacteria			
985762	Staphylococcus agnetis	Staphylococcus	Staphylococcaceae	Bacillales	Bacilli	Firmicutes	Terrabacteria group	Bacteria			
1607738	Staphylococcus argensis	Staphylococcus	Staphylococcaceae	Bacillales	Bacilli	Firmicutes	Terrabacteria group	Bacteria			
985002	Staphylococcus argenteus	Staphylococcus	Staphylococcaceae	Bacillales	Bacilli	Firmicutes	Terrabacteria group	Bacteria			
29378	Staphylococcus arlettae	Staphylococcus	Staphylococcaceae	Bacillales	Bacilli	Firmicutes	Terrabacteria group	Bacteria			
1280	Staphylococcus aureus	Staphylococcus	Staphylococcaceae	Bacillales	Bacilli	Firmicutes	Terrabacteria group	Bacteria			
29379	Staphylococcus auricularis	Staphylococcus	Staphylococcaceae	Bacillales	Bacilli	Firmicutes	Terrabacteria group	Bacteria			
29388	Staphylococcus capitis	Staphylococcus	Staphylococcaceae	Bacillales	Bacilli	Firmicutes	Terrabacteria group	Bacteria			
29380	Staphylococcus caprae	Staphylococcus	Staphylococcaceae	Bacillales	Bacilli	Firmicutes	Terrabacteria group	Bacteria			
1281	Staphylococcus carnosus	Staphylococcus	Staphylococcaceae	Bacillales	Bacilli	Firmicutes	Terrabacteria group	Bacteria			
46126	Staphylococcus chromogenes	Staphylococcus	Staphylococcaceae	Bacillales	Bacilli	Firmicutes	Terrabacteria group	Bacteria			
29382	Staphylococcus cohnii	Staphylococcus	Staphylococcaceae	Bacillales	Bacilli	Firmicutes	Terrabacteria group	Bacteria			
70255	Staphylococcus condimenti	Staphylococcus	Staphylococcaceae	Bacillales	Bacilli	Firmicutes	Terrabacteria group	Bacteria			
53344	Staphylococcus delphini	Staphylococcus	Staphylococcaceae	Bacillales	Bacilli	Firmicutes	Terrabacteria group	Bacteria			
586733	Staphylococcus devriesei	Staphylococcus	Staphylococcaceae	Bacillales	Bacilli	Firmicutes	Terrabacteria group	Bacteria			
1955013	Staphylococcus edaphicus	Staphylococcus	Staphylococcaceae	Bacillales	Bacilli	Firmicutes	Terrabacteria group	Bacteria			
1282	Staphylococcus epidermidis	Staphylococcus	Staphylococcaceae	Bacillales	Bacilli	Firmicutes	Terrabacteria group	Bacteria			
246432	Staphylococcus equorum	Staphylococcus	Staphylococcaceae	Bacillales	Bacilli	Firmicutes	Terrabacteria group	Bacteria			
46127	Staphylococcus felis	Staphylococcus	Staphylococcaceae	Bacillales	Bacilli	Firmicutes	Terrabacteria group	Bacteria			
150056	Staphylococcus fleurettii	Staphylococcus	Staphylococcaceae	Bacillales	Bacilli	Firmicutes	Terrabacteria group	Bacteria			
1293	Staphylococcus gallinarum	Staphylococcus	Staphylococcaceae	Bacillales	Bacilli	Firmicutes	Terrabacteria group	Bacteria			
1283	Staphylococcus haemolyticus	Staphylococcus	Staphylococcaceae	Bacillales	Bacilli	Firmicutes	Terrabacteria group	Bacteria			
1290	Staphylococcus hominis	Staphylococcus	Staphylococcaceae	Bacillales	Bacilli	Firmicutes	Terrabacteria group	Bacteria			
1284	Staphylococcus hyicus	Staphylococcus	Staphylococcaceae	Bacillales	Bacilli	Firmicutes	Terrabacteria group	Bacteria			
1285	Staphylococcus intermedius	Staphylococcus	Staphylococcaceae	Bacillales	Bacilli	Firmicutes	Terrabacteria group	Bacteria			
29384	Staphylococcus kloosii	Staphylococcus	Staphylococcaceae	Bacillales	Bacilli	Firmicutes	Terrabacteria group	Bacteria			
42858	Staphylococcus lentus	Staphylococcus	Staphylococcaceae	Bacillales	Bacilli	Firmicutes	Terrabacteria group	Bacteria			
28035	Staphylococcus lugdunensis	Staphylococcus	Staphylococcaceae	Bacillales	Bacilli	Firmicutes	Terrabacteria group	Bacteria			
155085	Staphylococcus lutrae	Staphylococcus	Staphylococcaceae	Bacillales	Bacilli	Firmicutes	Terrabacteria group	Bacteria			
555791	Staphylococcus massiliensis	Staphylococcus	Staphylococcaceae	Bacillales	Bacilli	Firmicutes	Terrabacteria group	Bacteria			
569857	Staphylococcus microti	Staphylococcus	Staphylococcaceae	Bacillales	Bacilli	Firmicutes	Terrabacteria group	Bacteria			
1294	Staphylococcus muscae	Staphylococcus	Staphylococcaceae	Bacillales	Bacilli	Firmicutes	Terrabacteria group	Bacteria			
214473	Staphylococcus nepalensis	Staphylococcus	Staphylococcaceae	Bacillales	Bacilli	Firmicutes	Terrabacteria group	Bacteria			
45972	Staphylococcus pasteuri	Staphylococcus	Staphylococcaceae	Bacillales	Bacilli	Firmicutes	Terrabacteria group	Bacteria			
1276936	Staphylococcus petrasii	Staphylococcus	Staphylococcaceae	Bacillales	Bacilli	Firmicutes	Terrabacteria group	Bacteria			
170573	Staphylococcus pettenkoferi	Staphylococcus	Staphylococcaceae	Bacillales	Bacilli	Firmicutes	Terrabacteria group	Bacteria			
70258	Staphylococcus piscifermentans	Staphylococcus	Staphylococcaceae	Bacillales	Bacilli	Firmicutes	Terrabacteria group	Bacteria			
283734	Staphylococcus pseudintermedius	Staphylococcus	Staphylococcaceae	Bacillales	Bacilli	Firmicutes	Terrabacteria group	Bacteria			
425474	Staphylococcus pseudolugdunensis	Staphylococcus	Staphylococcaceae	Bacillales	Bacilli	Firmicutes	Terrabacteria group	Bacteria			
522262	Staphylococcus rostri	Staphylococcus	Staphylococcaceae	Bacillales	Bacilli	Firmicutes	Terrabacteria group	Bacteria			
33028	Staphylococcus saccharolyticus	Staphylococcus	Staphylococcaceae	Bacillales	Bacilli	Firmicutes	Terrabacteria group	Bacteria			
29385	Staphylococcus saprophyticus	Staphylococcus	Staphylococcaceae	Bacillales	Bacilli	Firmicutes	Terrabacteria group	Bacteria			
1295	Staphylococcus schleiferi	Staphylococcus	Staphylococcaceae	Bacillales	Bacilli	Firmicutes	Terrabacteria group	Bacteria			
1654388	Staphylococcus schweitzeri	Staphylococcus	Staphylococcaceae	Bacillales	Bacilli	Firmicutes	Terrabacteria group	Bacteria			
1296	Staphylococcus sciuri	Staphylococcus	Staphylococcaceae	Bacillales	Bacilli	Firmicutes	Terrabacteria group	Bacteria			
308354	Staphylococcus simiae	Staphylococcus	Staphylococcaceae	Bacillales	Bacilli	Firmicutes	Terrabacteria group	Bacteria			
1286	Staphylococcus simulans	Staphylococcus	Staphylococcaceae	Bacillales	Bacilli	Firmicutes	Terrabacteria group	Bacteria			
1715860	Staphylococcus sp. AntiMn-1	Staphylococcus	Staphylococcaceae	Bacillales	Bacilli	Firmicutes	Terrabacteria group	Bacteria			
2025492	Staphylococcus sp. M0911	Staphylococcus	Staphylococcaceae	Bacillales	Bacilli	Firmicutes	Terrabacteria group	Bacteria			
2044912	Staphylococcus sp. SDB 2975	Staphylococcus	Staphylococcaceae	Bacillales	Bacilli	Firmicutes	Terrabacteria group	Bacteria			
643214	Staphylococcus stepanovicii	Staphylococcus	Staphylococcaceae	Bacillales	Bacilli	Firmicutes	Terrabacteria group	Bacteria			
61015	Staphylococcus succinus	Staphylococcus	Staphylococcaceae	Bacillales	Bacilli	Firmicutes	Terrabacteria group	Bacteria			
71237	Staphylococcus vitulinus	Staphylococcus	Staphylococcaceae	Bacillales	Bacilli	Firmicutes	Terrabacteria group	Bacteria			
1292	Staphylococcus warneri	Staphylococcus	Staphylococcaceae	Bacillales	Bacilli	Firmicutes	Terrabacteria group	Bacteria			
1288	Staphylococcus xylosus	Staphylococcus	Staphylococcaceae	Bacillales	Bacilli	Firmicutes	Terrabacteria group	Bacteria			
1274384	Enterococcus alcedinis	Enterococcus	Enterococcaceae	Lactobacillales	Bacilli	Firmicutes	Terrabacteria group	Bacteria			
328396	Enterococcus aquimarinus	Enterococcus	Enterococcaceae	Lactobacillales	Bacilli	Firmicutes	Terrabacteria group	Bacteria			
57732	Enterococcus asini	Enterococcus	Enterococcaceae	Lactobacillales	Bacilli	Firmicutes	Terrabacteria group	Bacteria			
33945	Enterococcus avium	Enterococcus	Enterococcaceae	Lactobacillales	Bacilli	Firmicutes	Terrabacteria group	Bacteria			
1665476	Enterococcus bulliens	Enterococcus	Enterococcaceae	Lactobacillales	Bacilli	Firmicutes	Terrabacteria group	Bacteria			
317735	Enterococcus caccae	Enterococcus	Enterococcaceae	Lactobacillales	Bacilli	Firmicutes	Terrabacteria group	Bacteria			
453959	Enterococcus camelliae	Enterococcus	Enterococcaceae	Lactobacillales	Bacilli	Firmicutes	Terrabacteria group	Bacteria			
317010	Enterococcus canintestini	Enterococcus	Enterococcaceae	Lactobacillales	Bacilli	Firmicutes	Terrabacteria group	Bacteria			
214095	Enterococcus canis	Enterococcus	Enterococcaceae	Lactobacillales	Bacilli	Firmicutes	Terrabacteria group	Bacteria			
37734	Enterococcus casseliflavus	Enterococcus	Enterococcaceae	Lactobacillales	Bacilli	Firmicutes	Terrabacteria group	Bacteria			
44008	Enterococcus cecorum	Enterococcus	Enterococcaceae	Lactobacillales	Bacilli	Firmicutes	Terrabacteria group	Bacteria			
1355	Enterococcus columbae	Enterococcus	Enterococcaceae	Lactobacillales	Bacilli	Firmicutes	Terrabacteria group	Bacteria			
1453587	Enterococcus crotali	Enterococcus	Enterococcaceae	Lactobacillales	Bacilli	Firmicutes	Terrabacteria group	Bacteria			
319970	Enterococcus devriesei	Enterococcus	Enterococcaceae	Lactobacillales	Bacilli	Firmicutes	Terrabacteria group	Bacteria			
1155073	Enterococcus diestrammenae	Enterococcus	Enterococcaceae	Lactobacillales	Bacilli	Firmicutes	Terrabacteria group	Bacteria			
44009	Enterococcus dispar	Enterococcus	Enterococcaceae	Lactobacillales	Bacilli	Firmicutes	Terrabacteria group	Bacteria			
53345	Enterococcus durans	Enterococcus	Enterococcaceae	Lactobacillales	Bacilli	Firmicutes	Terrabacteria group	Bacteria			
1159753	Enterococcus eurekensis	Enterococcus	Enterococcaceae	Lactobacillales	Bacilli	Firmicutes	Terrabacteria group	Bacteria			
1351	Enterococcus faecalis	Enterococcus	Enterococcaceae	Lactobacillales	Bacilli	Firmicutes	Terrabacteria group	Bacteria			
1352	Enterococcus faecium	Enterococcus	Enterococcaceae	Lactobacillales	Bacilli	Firmicutes	Terrabacteria group	Bacteria			
1353	Enterococcus gallinarum	Enterococcus	Enterococcaceae	Lactobacillales	Bacilli	Firmicutes	Terrabacteria group	Bacteria			
160453	Enterococcus gilvus	Enterococcus	Enterococcaceae	Lactobacillales	Bacilli	Firmicutes	Terrabacteria group	Bacteria			
155618	Enterococcus haemoperoxidus	Enterococcus	Enterococcaceae	Lactobacillales	Bacilli	Firmicutes	Terrabacteria group	Bacteria			
249189	Enterococcus hermanniensis	Enterococcus	Enterococcaceae	Lactobacillales	Bacilli	Firmicutes	Terrabacteria group	Bacteria			
1354	Enterococcus hirae	Enterococcus	Enterococcaceae	Lactobacillales	Bacilli	Firmicutes	Terrabacteria group	Bacteria			
246144	Enterococcus italicus	Enterococcus	Enterococcaceae	Lactobacillales	Bacilli	Firmicutes	Terrabacteria group	Bacteria			
357441	Enterococcus lactis	Enterococcus	Enterococcaceae	Lactobacillales	Bacilli	Firmicutes	Terrabacteria group	Bacteria			
1159752	Enterococcus lemanii	Enterococcus	Enterococcaceae	Lactobacillales	Bacilli	Firmicutes	Terrabacteria group	Bacteria			
71451	Enterococcus malodoratus	Enterococcus	Enterococcaceae	Lactobacillales	Bacilli	Firmicutes	Terrabacteria group	Bacteria			
1640685	Enterococcus massiliensis	Enterococcus	Enterococcaceae	Lactobacillales	Bacilli	Firmicutes	Terrabacteria group	Bacteria			
155617	Enterococcus moraviensis	Enterococcus	Enterococcaceae	Lactobacillales	Bacilli	Firmicutes	Terrabacteria group	Bacteria			
53346	Enterococcus mundtii	Enterococcus	Enterococcaceae	Lactobacillales	Bacilli	Firmicutes	Terrabacteria group	Bacteria			
1242999	Enterococcus olivae	Enterococcus	Enterococcaceae	Lactobacillales	Bacilli	Firmicutes	Terrabacteria group	Bacteria			
160454	Enterococcus pallens	Enterococcus	Enterococcaceae	Lactobacillales	Bacilli	Firmicutes	Terrabacteria group	Bacteria			
154621	Enterococcus phoeniculicola	Enterococcus	Enterococcaceae	Lactobacillales	Bacilli	Firmicutes	Terrabacteria group	Bacteria			
1077675	Enterococcus plantarum	Enterococcus	Enterococcaceae	Lactobacillales	Bacilli	Firmicutes	Terrabacteria group	Bacteria			
44007	Enterococcus pseudoavium	Enterococcus	Enterococcaceae	Lactobacillales	Bacilli	Firmicutes	Terrabacteria group	Bacteria			
903983	Enterococcus quebecensis	Enterococcus	Enterococcaceae	Lactobacillales	Bacilli	Firmicutes	Terrabacteria group	Bacteria			
71452	Enterococcus raffinosus	Enterococcus	Enterococcaceae	Lactobacillales	Bacilli	Firmicutes	Terrabacteria group	Bacteria			
150033	Enterococcus ratti	Enterococcus	Enterococcaceae	Lactobacillales	Bacilli	Firmicutes	Terrabacteria group	Bacteria			
762845	Enterococcus rivorum	Enterococcus	Enterococcaceae	Lactobacillales	Bacilli	Firmicutes	Terrabacteria group	Bacteria			
118060	Enterococcus rotai	Enterococcus	Enterococcaceae	Lactobacillales	Bacilli	Firmicutes	Terrabacteria group	Bacteria			
41997	Enterococcus saccharolyticus	Enterococcus	Enterococcaceae	Lactobacillales	Bacilli	Firmicutes	Terrabacteria group	Bacteria			
1805431	Enterococcus saigonensis	Enterococcus	Enterococcaceae	Lactobacillales	Bacilli	Firmicutes	Terrabacteria group	Bacteria			
332949	Enterococcus silesiacus	Enterococcus	Enterococcaceae	Lactobacillales	Bacilli	Firmicutes	Terrabacteria group	Bacteria			
2057791	Enterococcus sp. CR-Ec1	Enterococcus	Enterococcaceae	Lactobacillales	Bacilli	Firmicutes	Terrabacteria group	Bacteria			
2603296	Enterococcus sp. DA9	Enterococcus	Enterococcaceae	Lactobacillales	Bacilli	Firmicutes	Terrabacteria group	Bacteria			
2060307	Enterococcus sp. FDAARGOS_375	Enterococcus	Enterococcaceae	Lactobacillales	Bacilli	Firmicutes	Terrabacteria group	Bacteria			
2420313	Enterococcus sp. FDAARGOS_553	Enterococcus	Enterococcaceae	Lactobacillales	Bacilli	Firmicutes	Terrabacteria group	Bacteria			
2582830	Enterococcus sp. M190262	Enterococcus	Enterococcaceae	Lactobacillales	Bacilli	Firmicutes	Terrabacteria group	Bacteria			
1356	Enterococcus sulfureus	Enterococcus	Enterococcaceae	Lactobacillales	Bacilli	Firmicutes	Terrabacteria group	Bacteria			
332950	Enterococcus termitis	Enterococcus	Enterococcaceae	Lactobacillales	Bacilli	Firmicutes	Terrabacteria group	Bacteria			
417368	Enterococcus thailandicus	Enterococcus	Enterococcaceae	Lactobacillales	Bacilli	Firmicutes	Terrabacteria group	Bacteria			
903984	Enterococcus ureasiticus	Enterococcus	Enterococcaceae	Lactobacillales	Bacilli	Firmicutes	Terrabacteria group	Bacteria			
1131292	Enterococcus ureilyticus	Enterococcus	Enterococcaceae	Lactobacillales	Bacilli	Firmicutes	Terrabacteria group	Bacteria			
930854	Enterococcus viikkiensis	Enterococcus	Enterococcaceae	Lactobacillales	Bacilli	Firmicutes	Terrabacteria group	Bacteria			
112904	Enterococcus villorum	Enterococcus	Enterococcaceae	Lactobacillales	Bacilli	Firmicutes	Terrabacteria group	Bacteria			
2005703	Enterococcus wangshanyuanii	Enterococcus	Enterococcaceae	Lactobacillales	Bacilli	Firmicutes	Terrabacteria group	Bacteria			
1296537	Enterococcus xiangfangensis	Enterococcus	Enterococcaceae	Lactobacillales	Bacilli	Firmicutes	Terrabacteria group	Bacteria			
1600	Lactobacillus acetotolerans	Lactobacillus	Lactobacillaceae	Lactobacillales	Bacilli	Firmicutes	Terrabacteria group	Bacteria			
267364	Lactobacillus acidifarinae	Lactobacillus	Lactobacillaceae	Lactobacillales	Bacilli	Firmicutes	Terrabacteria group	Bacteria			
89059	Lactobacillus acidipiscis	Lactobacillus	Lactobacillaceae	Lactobacillales	Bacilli	Firmicutes	Terrabacteria group	Bacteria			
1579	Lactobacillus acidophilus	Lactobacillus	Lactobacillaceae	Lactobacillales	Bacilli	Firmicutes	Terrabacteria group	Bacteria			
1601	Lactobacillus agilis	Lactobacillus	Lactobacillaceae	Lactobacillales	Bacilli	Firmicutes	Terrabacteria group	Bacteria			
105612	Lactobacillus algidus	Lactobacillus	Lactobacillaceae	Lactobacillales	Bacilli	Firmicutes	Terrabacteria group	Bacteria			
1602	Lactobacillus alimentarius	Lactobacillus	Lactobacillaceae	Lactobacillales	Bacilli	Firmicutes	Terrabacteria group	Bacteria			
1847728	Lactobacillus allii	Lactobacillus	Lactobacillaceae	Lactobacillales	Bacilli	Firmicutes	Terrabacteria group	Bacteria			
990412	Lactobacillus alvi	Lactobacillus	Lactobacillaceae	Lactobacillales	Bacilli	Firmicutes	Terrabacteria group	Bacteria			
83683	Lactobacillus amylolyticus	Lactobacillus	Lactobacillaceae	Lactobacillales	Bacilli	Firmicutes	Terrabacteria group	Bacteria			
1603	Lactobacillus amylophilus	Lactobacillus	Lactobacillaceae	Lactobacillales	Bacilli	Firmicutes	Terrabacteria group	Bacteria			
376807	Lactobacillus amylotrophicus	Lactobacillus	Lactobacillaceae	Lactobacillales	Bacilli	Firmicutes	Terrabacteria group	Bacteria			
1604	Lactobacillus amylovorus	Lactobacillus	Lactobacillaceae	Lactobacillales	Bacilli	Firmicutes	Terrabacteria group	Bacteria			
1605	Lactobacillus animalis	Lactobacillus	Lactobacillaceae	Lactobacillales	Bacilli	Firmicutes	Terrabacteria group	Bacteria			
227943	Lactobacillus antri	Lactobacillus	Lactobacillaceae	Lactobacillales	Bacilli	Firmicutes	Terrabacteria group	Bacteria			
1218495	Lactobacillus apinorum	Lactobacillus	Lactobacillaceae	Lactobacillales	Bacilli	Firmicutes	Terrabacteria group	Bacteria			
303541	Lactobacillus apis	Lactobacillus	Lactobacillaceae	Lactobacillales	Bacilli	Firmicutes	Terrabacteria group	Bacteria			
307126	Lactobacillus apodemi	Lactobacillus	Lactobacillaceae	Lactobacillales	Bacilli	Firmicutes	Terrabacteria group	Bacteria			
1606	Lactobacillus aviarius	Lactobacillus	Lactobacillaceae	Lactobacillales	Bacilli	Firmicutes	Terrabacteria group	Bacteria			
375175	Lactobacillus backii	Lactobacillus	Lactobacillaceae	Lactobacillales	Bacilli	Firmicutes	Terrabacteria group	Bacteria			
1607	Lactobacillus bifermentans	Lactobacillus	Lactobacillaceae	Lactobacillales	Bacilli	Firmicutes	Terrabacteria group	Bacteria			
1303590	Lactobacillus bombi	Lactobacillus	Lactobacillaceae	Lactobacillales	Bacilli	Firmicutes	Terrabacteria group	Bacteria			
1505723	Lactobacillus bombicola	Lactobacillus	Lactobacillaceae	Lactobacillales	Bacilli	Firmicutes	Terrabacteria group	Bacteria			
943673	Lactobacillus brantae	Lactobacillus	Lactobacillaceae	Lactobacillales	Bacilli	Firmicutes	Terrabacteria group	Bacteria			
1580	Lactobacillus brevis	Lactobacillus	Lactobacillaceae	Lactobacillales	Bacilli	Firmicutes	Terrabacteria group	Bacteria			
1581	Lactobacillus buchneri	Lactobacillus	Lactobacillaceae	Lactobacillales	Bacilli	Firmicutes	Terrabacteria group	Bacteria			
381742	Lactobacillus camelliae	Lactobacillus	Lactobacillaceae	Lactobacillales	Bacilli	Firmicutes	Terrabacteria group	Bacteria			
1582	Lactobacillus casei	Lactobacillus	Lactobacillaceae	Lactobacillales	Bacilli	Firmicutes	Terrabacteria group	Bacteria			Lactobacillus casei group
1769424	Lactobacillus caviae	Lactobacillus	Lactobacillaceae	Lactobacillales	Bacilli	Firmicutes	Terrabacteria group	Bacteria			
1704076	Lactobacillus cerevisiae	Lactobacillus	Lactobacillaceae	Lactobacillales	Bacilli	Firmicutes	Terrabacteria group	Bacteria			
395085	Lactobacillus ceti	Lactobacillus	Lactobacillaceae	Lactobacillales	Bacilli	Firmicutes	Terrabacteria group	Bacteria			
181675	Lactobacillus coleohominis	Lactobacillus	Lactobacillaceae	Lactobacillales	Bacilli	Firmicutes	Terrabacteria group	Bacteria			
1819254	Lactobacillus colini	Lactobacillus	Lactobacillaceae	Lactobacillales	Bacilli	Firmicutes	Terrabacteria group	Bacteria			
33960	Lactobacillus collinoides	Lactobacillus	Lactobacillaceae	Lactobacillales	Bacilli	Firmicutes	Terrabacteria group	Bacteria			
398555	Lactobacillus composti	Lactobacillus	Lactobacillaceae	Lactobacillales	Bacilli	Firmicutes	Terrabacteria group	Bacteria			
287844	Lactobacillus concavus	Lactobacillus	Lactobacillaceae	Lactobacillales	Bacilli	Firmicutes	Terrabacteria group	Bacteria			
1610	Lactobacillus coryniformis	Lactobacillus	Lactobacillaceae	Lactobacillales	Bacilli	Firmicutes	Terrabacteria group	Bacteria			
47770	Lactobacillus crispatus	Lactobacillus	Lactobacillaceae	Lactobacillales	Bacilli	Firmicutes	Terrabacteria group	Bacteria			
392416	Lactobacillus crustorum	Lactobacillus	Lactobacillaceae	Lactobacillales	Bacilli	Firmicutes	Terrabacteria group	Bacteria			
1138822	Lactobacillus curieae	Lactobacillus	Lactobacillaceae	Lactobacillales	Bacilli	Firmicutes	Terrabacteria group	Bacteria			
1746200	Lactobacillus curtus	Lactobacillus	Lactobacillaceae	Lactobacillales	Bacilli	Firmicutes	Terrabacteria group	Bacteria			
28038	Lactobacillus curvatus	Lactobacillus	Lactobacillaceae	Lactobacillales	Bacilli	Firmicutes	Terrabacteria group	Bacteria			
1584	Lactobacillus delbrueckii	Lactobacillus	Lactobacillaceae	Lactobacillales	Bacilli	Firmicutes	Terrabacteria group	Bacteria			
51664	Lactobacillus dextrinicus	Lactobacillus	Lactobacillaceae	Lactobacillales	Bacilli	Firmicutes	Terrabacteria group	Bacteria			
179838	Lactobacillus diolivorans	Lactobacillus	Lactobacillaceae	Lactobacillales	Bacilli	Firmicutes	Terrabacteria group	Bacteria			
137357	Lactobacillus equi	Lactobacillus	Lactobacillaceae	Lactobacillales	Bacilli	Firmicutes	Terrabacteria group	Bacteria			
420645	Lactobacillus equicursoris	Lactobacillus	Lactobacillaceae	Lactobacillales	Bacilli	Firmicutes	Terrabacteria group	Bacteria			
417373	Lactobacillus equigenerosi	Lactobacillus	Lactobacillaceae	Lactobacillales	Bacilli	Firmicutes	Terrabacteria group	Bacteria			
483011	Lactobacillus fabifermentans	Lactobacillus	Lactobacillaceae	Lactobacillales	Bacilli	Firmicutes	Terrabacteria group	Bacteria			
762833	Lactobacillus faecis	Lactobacillus	Lactobacillaceae	Lactobacillales	Bacilli	Firmicutes	Terrabacteria group	Bacteria			
1612	Lactobacillus farciminis	Lactobacillus	Lactobacillaceae	Lactobacillales	Bacilli	Firmicutes	Terrabacteria group	Bacteria			
390841	Lactobacillus farraginis	Lactobacillus	Lactobacillaceae	Lactobacillales	Bacilli	Firmicutes	Terrabacteria group	Bacteria			
679249	Lactobacillus floricola	Lactobacillus	Lactobacillaceae	Lactobacillales	Bacilli	Firmicutes	Terrabacteria group	Bacteria			
640331	Lactobacillus florum	Lactobacillus	Lactobacillaceae	Lactobacillales	Bacilli	Firmicutes	Terrabacteria group	Bacteria			
88164	Lactobacillus fornicalis	Lactobacillus	Lactobacillaceae	Lactobacillales	Bacilli	Firmicutes	Terrabacteria group	Bacteria			
1614	Lactobacillus fructivorans	Lactobacillus	Lactobacillaceae	Lactobacillales	Bacilli	Firmicutes	Terrabacteria group	Bacteria			
104955	Lactobacillus frumenti	Lactobacillus	Lactobacillaceae	Lactobacillales	Bacilli	Firmicutes	Terrabacteria group	Bacteria			
164393	Lactobacillus fuchuensis	Lactobacillus	Lactobacillaceae	Lactobacillales	Bacilli	Firmicutes	Terrabacteria group	Bacteria			
1462575	Lactobacillus furfuricola	Lactobacillus	Lactobacillaceae	Lactobacillales	Bacilli	Firmicutes	Terrabacteria group	Bacteria			
938155	Lactobacillus futsaii	Lactobacillus	Lactobacillaceae	Lactobacillales	Bacilli	Firmicutes	Terrabacteria group	Bacteria			
52242	Lactobacillus gallinarum	Lactobacillus	Lactobacillaceae	Lactobacillales	Bacilli	Firmicutes	Terrabacteria group	Bacteria			
1596	Lactobacillus gasseri	Lactobacillus	Lactobacillaceae	Lactobacillales	Bacilli	Firmicutes	Terrabacteria group	Bacteria			
227942	Lactobacillus gastricus	Lactobacillus	Lactobacillaceae	Lactobacillales	Bacilli	Firmicutes	Terrabacteria group	Bacteria			
1203069	Lactobacillus gigeriorum	Lactobacillus	Lactobacillaceae	Lactobacillales	Bacilli	Firmicutes	Terrabacteria group	Bacteria			
1007676	Lactobacillus ginsenosidimutans	Lactobacillus	Lactobacillaceae	Lactobacillales	Bacilli	Firmicutes	Terrabacteria group	Bacteria			
1450649	Lactobacillus gorillae	Lactobacillus	Lactobacillaceae	Lactobacillales	Bacilli	Firmicutes	Terrabacteria group	Bacteria			
60519	Lactobacillus graminis	Lactobacillus	Lactobacillaceae	Lactobacillales	Bacilli	Firmicutes	Terrabacteria group	Bacteria			
267633	Lactobacillus hammesii	Lactobacillus	Lactobacillaceae	Lactobacillales	Bacilli	Firmicutes	Terrabacteria group	Bacteria			
96565	Lactobacillus hamsteri	Lactobacillus	Lactobacillaceae	Lactobacillales	Bacilli	Firmicutes	Terrabacteria group	Bacteria			
304207	Lactobacillus harbinensis	Lactobacillus	Lactobacillaceae	Lactobacillales	Bacilli	Firmicutes	Terrabacteria group	Bacteria			
396716	Lactobacillus hayakitensis	Lactobacillus	Lactobacillaceae	Lactobacillales	Bacilli	Firmicutes	Terrabacteria group	Bacteria			
1074467	Lactobacillus heilongjiangensis	Lactobacillus	Lactobacillaceae	Lactobacillales	Bacilli	Firmicutes	Terrabacteria group	Bacteria			
1218494	Lactobacillus helsingborgensis	Lactobacillus	Lactobacillaceae	Lactobacillales	Bacilli	Firmicutes	Terrabacteria group	Bacteria			
1587	Lactobacillus helveticus	Lactobacillus	Lactobacillaceae	Lactobacillales	Bacilli	Firmicutes	Terrabacteria group	Bacteria			
1670446	Lactobacillus herbarum	Lactobacillus	Lactobacillaceae	Lactobacillales	Bacilli	Firmicutes	Terrabacteria group	Bacteria			
1588	Lactobacillus hilgardii	Lactobacillus	Lactobacillaceae	Lactobacillales	Bacilli	Firmicutes	Terrabacteria group	Bacteria			
1193095	Lactobacillus hokkaidonensis	Lactobacillus	Lactobacillaceae	Lactobacillales	Bacilli	Firmicutes	Terrabacteria group	Bacteria			
1203033	Lactobacillus hominis	Lactobacillus	Lactobacillaceae	Lactobacillales	Bacilli	Firmicutes	Terrabacteria group	Bacteria			
33961	Lactobacillus homohiochii	Lactobacillus	Lactobacillaceae	Lactobacillales	Bacilli	Firmicutes	Terrabacteria group	Bacteria			
147802	Lactobacillus iners	Lactobacillus	Lactobacillaceae	Lactobacillales	Bacilli	Firmicutes	Terrabacteria group	Bacteria			
148604	Lactobacillus ingluviei	Lactobacillus	Lactobacillaceae	Lactobacillales	Bacilli	Firmicutes	Terrabacteria group	Bacteria			
1732567	Lactobacillus insicii	Lactobacillus	Lactobacillaceae	Lactobacillales	Bacilli	Firmicutes	Terrabacteria group	Bacteria			
151781	Lactobacillus intestinalis	Lactobacillus	Lactobacillaceae	Lactobacillales	Bacilli	Firmicutes	Terrabacteria group	Bacteria			
1267156	Lactobacillus iwatensis	Lactobacillus	Lactobacillaceae	Lactobacillales	Bacilli	Firmicutes	Terrabacteria group	Bacteria			
1750535	Lactobacillus ixorae	Lactobacillus	Lactobacillaceae	Lactobacillales	Bacilli	Firmicutes	Terrabacteria group	Bacteria			
109790	Lactobacillus jensenii	Lactobacillus	Lactobacillaceae	Lactobacillales	Bacilli	Firmicutes	Terrabacteria group	Bacteria			
33959	Lactobacillus johnsonii	Lactobacillus	Lactobacillaceae	Lactobacillales	Bacilli	Firmicutes	Terrabacteria group	Bacteria			
227944	Lactobacillus kalixensis	Lactobacillus	Lactobacillaceae	Lactobacillales	Bacilli	Firmicutes	Terrabacteria group	Bacteria			
267818	Lactobacillus kefiranofaciens	Lactobacillus	Lactobacillaceae	Lactobacillales	Bacilli	Firmicutes	Terrabacteria group	Bacteria			
33962	Lactobacillus kefiri	Lactobacillus	Lactobacillaceae	Lactobacillales	Bacilli	Firmicutes	Terrabacteria group	Bacteria			
1218506	Lactobacillus kimbladii	Lactobacillus	Lactobacillaceae	Lactobacillales	Bacilli	Firmicutes	Terrabacteria group	Bacteria			
528209	Lactobacillus kimchicus	Lactobacillus	Lactobacillaceae	Lactobacillales	Bacilli	Firmicutes	Terrabacteria group	Bacteria			
993692	Lactobacillus kimchiensis	Lactobacillus	Lactobacillaceae	Lactobacillales	Bacilli	Firmicutes	Terrabacteria group	Bacteria			
481722	Lactobacillus kisonensis	Lactobacillus	Lactobacillaceae	Lactobacillales	Bacilli	Firmicutes	Terrabacteria group	Bacteria			
237446	Lactobacillus kitasatonis	Lactobacillus	Lactobacillaceae	Lactobacillales	Bacilli	Firmicutes	Terrabacteria group	Bacteria			
637971	Lactobacillus koreensis	Lactobacillus	Lactobacillaceae	Lactobacillales	Bacilli	Firmicutes	Terrabacteria group	Bacteria			
2051900	Lactobacillus kosoi	Lactobacillus	Lactobacillaceae	Lactobacillales	Bacilli	Firmicutes	Terrabacteria group	Bacteria			
1218493	Lactobacillus kullabergensis	Lactobacillus	Lactobacillaceae	Lactobacillales	Bacilli	Firmicutes	Terrabacteria group	Bacteria			
148814	Lactobacillus kunkeei	Lactobacillus	Lactobacillaceae	Lactobacillales	Bacilli	Firmicutes	Terrabacteria group	Bacteria			
28039	Lactobacillus leichmannii	Lactobacillus	Lactobacillaceae	Lactobacillales	Bacilli	Firmicutes	Terrabacteria group	Bacteria			
53444	Lactobacillus lindneri	Lactobacillus	Lactobacillaceae	Lactobacillales	Bacilli	Firmicutes	Terrabacteria group	Bacteria			
176292	Lactobacillus malefermentans	Lactobacillus	Lactobacillaceae	Lactobacillales	Bacilli	Firmicutes	Terrabacteria group	Bacteria			
88233	Lactobacillus manihotivorans	Lactobacillus	Lactobacillaceae	Lactobacillales	Bacilli	Firmicutes	Terrabacteria group	Bacteria			
1218492	Lactobacillus mellifer	Lactobacillus	Lactobacillaceae	Lactobacillales	Bacilli	Firmicutes	Terrabacteria group	Bacteria			
1218508	Lactobacillus mellis	Lactobacillus	Lactobacillaceae	Lactobacillales	Bacilli	Firmicutes	Terrabacteria group	Bacteria			
1218507	Lactobacillus melliventris	Lactobacillus	Lactobacillaceae	Lactobacillales	Bacilli	Firmicutes	Terrabacteria group	Bacteria			
167481	Lactobacillus mindensis	Lactobacillus	Lactobacillaceae	Lactobacillales	Bacilli	Firmicutes	Terrabacteria group	Bacteria			
1435342	Lactobacillus mixtipabuli	Lactobacillus	Lactobacillaceae	Lactobacillales	Bacilli	Firmicutes	Terrabacteria group	Bacteria			
1457219	Lactobacillus modestisalitolerans	Lactobacillus	Lactobacillaceae	Lactobacillales	Bacilli	Firmicutes	Terrabacteria group	Bacteria			
97478	Lactobacillus mucosae	Lactobacillus	Lactobacillaceae	Lactobacillales	Bacilli	Firmicutes	Terrabacteria group	Bacteria			
1296538	Lactobacillus mudanjiangensis	Lactobacillus	Lactobacillaceae	Lactobacillales	Bacilli	Firmicutes	Terrabacteria group	Bacteria			
1622	Lactobacillus murinus	Lactobacillus	Lactobacillaceae	Lactobacillales	Bacilli	Firmicutes	Terrabacteria group	Bacteria			
1903258	Lactobacillus musae	Lactobacillus	Lactobacillaceae	Lactobacillales	Bacilli	Firmicutes	Terrabacteria group	Bacteria			
380393	Lactobacillus namurensis	Lactobacillus	Lactobacillaceae	Lactobacillales	Bacilli	Firmicutes	Terrabacteria group	Bacteria			
305793	Lactobacillus nantensis	Lactobacillus	Lactobacillaceae	Lactobacillales	Bacilli	Firmicutes	Terrabacteria group	Bacteria			
944671	Lactobacillus nasuensis	Lactobacillus	Lactobacillaceae	Lactobacillales	Bacilli	Firmicutes	Terrabacteria group	Bacteria			
1296540	Lactobacillus nenjiangensis	Lactobacillus	Lactobacillaceae	Lactobacillales	Bacilli	Firmicutes	Terrabacteria group	Bacteria			
460870	Lactobacillus nodensis	Lactobacillus	Lactobacillaceae	Lactobacillales	Bacilli	Firmicutes	Terrabacteria group	Bacteria			
480930	Lactobacillus odoratitofui	Lactobacillus	Lactobacillaceae	Lactobacillales	Bacilli	Firmicutes	Terrabacteria group	Bacteria			
293371	Lactobacillus oligofermentans	Lactobacillus	Lactobacillaceae	Lactobacillales	Bacilli	Firmicutes	Terrabacteria group	Bacteria			
1632	Lactobacillus oris	Lactobacillus	Lactobacillaceae	Lactobacillales	Bacilli	Firmicutes	Terrabacteria group	Bacteria			
1202668	Lactobacillus oryzae	Lactobacillus	Lactobacillaceae	Lactobacillales	Bacilli	Firmicutes	Terrabacteria group	Bacteria			
481720	Lactobacillus otakiensis	Lactobacillus	Lactobacillaceae	Lactobacillales	Bacilli	Firmicutes	Terrabacteria group	Bacteria			
866801	Lactobacillus ozensis	Lactobacillus	Lactobacillaceae	Lactobacillales	Bacilli	Firmicutes	Terrabacteria group	Bacteria			
47493	Lactobacillus panis	Lactobacillus	Lactobacillaceae	Lactobacillales	Bacilli	Firmicutes	Terrabacteria group	Bacteria			
171523	Lactobacillus pantheris	Lactobacillus	Lactobacillaceae	Lactobacillales	Bacilli	Firmicutes	Terrabacteria group	Bacteria			
357278	Lactobacillus parabrevis	Lactobacillus	Lactobacillaceae	Lactobacillales	Bacilli	Firmicutes	Terrabacteria group	Bacteria			
152331	Lactobacillus parabuchneri	Lactobacillus	Lactobacillaceae	Lactobacillales	Bacilli	Firmicutes	Terrabacteria group	Bacteria			
1597	Lactobacillus paracasei	Lactobacillus	Lactobacillaceae	Lactobacillales	Bacilli	Firmicutes	Terrabacteria group	Bacteria			Lactobacillus casei group
240427	Lactobacillus paracollinoides	Lactobacillus	Lactobacillaceae	Lactobacillales	Bacilli	Firmicutes	Terrabacteria group	Bacteria			
390842	Lactobacillus parafarraginis	Lactobacillus	Lactobacillaceae	Lactobacillales	Bacilli	Firmicutes	Terrabacteria group	Bacteria			
2107999	Lactobacillus paragasseri	Lactobacillus	Lactobacillaceae	Lactobacillales	Bacilli	Firmicutes	Terrabacteria group	Bacteria			
152332	Lactobacillus parakefiri	Lactobacillus	Lactobacillaceae	Lactobacillales	Bacilli	Firmicutes	Terrabacteria group	Bacteria			
83526	Lactobacillus paralimentarius	Lactobacillus	Lactobacillaceae	Lactobacillales	Bacilli	Firmicutes	Terrabacteria group	Bacteria			
60520	Lactobacillus paraplantarum	Lactobacillus	Lactobacillaceae	Lactobacillales	Bacilli	Firmicutes	Terrabacteria group	Bacteria			
872327	Lactobacillus pasteurii	Lactobacillus	Lactobacillaceae	Lactobacillales	Bacilli	Firmicutes	Terrabacteria group	Bacteria			
616990	Lactobacillus paucivorans	Lactobacillus	Lactobacillaceae	Lactobacillales	Bacilli	Firmicutes	Terrabacteria group	Bacteria			
1714682	Lactobacillus pentosiphilus	Lactobacillus	Lactobacillaceae	Lactobacillales	Bacilli	Firmicutes	Terrabacteria group	Bacteria			
1589	Lactobacillus pentosus	Lactobacillus	Lactobacillaceae	Lactobacillales	Bacilli	Firmicutes	Terrabacteria group	Bacteria			
100468	Lactobacillus perolens	Lactobacillus	Lactobacillaceae	Lactobacillales	Bacilli	Firmicutes	Terrabacteria group	Bacteria			
1457217	Lactobacillus plajomi	Lactobacillus	Lactobacillaceae	Lactobacillales	Bacilli	Firmicutes	Terrabacteria group	Bacteria			
449659	Lactobacillus pobuzihii	Lactobacillus	Lactobacillaceae	Lactobacillales	Bacilli	Firmicutes	Terrabacteria group	Bacteria			
35787	Lactobacillus pontis	Lactobacillus	Lactobacillaceae	Lactobacillales	Bacilli	Firmicutes	Terrabacteria group	Bacteria			
1123687	Lactobacillus porcinae	Lactobacillus	Lactobacillaceae	Lactobacillales	Bacilli	Firmicutes	Terrabacteria group	Bacteria			
116089	Lactobacillus psittaci	Lactobacillus	Lactobacillaceae	Lactobacillales	Bacilli	Firmicutes	Terrabacteria group	Bacteria			
481723	Lactobacillus rapi	Lactobacillus	Lactobacillaceae	Lactobacillales	Bacilli	Firmicutes	Terrabacteria group	Bacteria			
238013	Lactobacillus rennini	Lactobacillus	Lactobacillaceae	Lactobacillales	Bacilli	Firmicutes	Terrabacteria group	Bacteria			
1598	Lactobacillus reuteri	Lactobacillus	Lactobacillaceae	Lactobacillales	Bacilli	Firmicutes	Terrabacteria group	Bacteria			
47715	Lactobacillus rhamnosus	Lactobacillus	Lactobacillaceae	Lactobacillales	Bacilli	Firmicutes	Terrabacteria group	Bacteria			
947835	Lactobacillus rodentium	Lactobacillus	Lactobacillaceae	Lactobacillales	Bacilli	Firmicutes	Terrabacteria group	Bacteria			
706562	Lactobacillus rogosae	Lactobacillus	Lactobacillaceae	Lactobacillales	Bacilli	Firmicutes	Terrabacteria group	Bacteria			
231049	Lactobacillus rossiae	Lactobacillus	Lactobacillaceae	Lactobacillales	Bacilli	Firmicutes	Terrabacteria group	Bacteria			
1623	Lactobacillus ruminis	Lactobacillus	Lactobacillaceae	Lactobacillales	Bacilli	Firmicutes	Terrabacteria group	Bacteria			
228229	Lactobacillus saerimneri	Lactobacillus	Lactobacillaceae	Lactobacillales	Bacilli	Firmicutes	Terrabacteria group	Bacteria			
1599	Lactobacillus sakei	Lactobacillus	Lactobacillaceae	Lactobacillales	Bacilli	Firmicutes	Terrabacteria group	Bacteria			
1624	Lactobacillus salivarius	Lactobacillus	Lactobacillaceae	Lactobacillales	Bacilli	Firmicutes	Terrabacteria group	Bacteria			
1625	Lactobacillus sanfranciscensis	Lactobacillus	Lactobacillaceae	Lactobacillales	Bacilli	Firmicutes	Terrabacteria group	Bacteria			
931533	Lactobacillus saniviri	Lactobacillus	Lactobacillaceae	Lactobacillales	Bacilli	Firmicutes	Terrabacteria group	Bacteria			
396268	Lactobacillus secaliphilus	Lactobacillus	Lactobacillaceae	Lactobacillales	Bacilli	Firmicutes	Terrabacteria group	Bacteria			
81857	Lactobacillus selangorensis	Lactobacillus	Lactobacillaceae	Lactobacillales	Bacilli	Firmicutes	Terrabacteria group	Bacteria			
931534	Lactobacillus senioris	Lactobacillus	Lactobacillaceae	Lactobacillales	Bacilli	Firmicutes	Terrabacteria group	Bacteria			
431273	Lactobacillus senmaizukei	Lactobacillus	Lactobacillaceae	Lactobacillales	Bacilli	Firmicutes	Terrabacteria group	Bacteria			
1626	Lactobacillus sharpeae	Lactobacillus	Lactobacillaceae	Lactobacillales	Bacilli	Firmicutes	Terrabacteria group	Bacteria			
1231337	Lactobacillus shenzhenensis	Lactobacillus	Lactobacillaceae	Lactobacillales	Bacilli	Firmicutes	Terrabacteria group	Bacteria			
1293415	Lactobacillus silagei	Lactobacillus	Lactobacillaceae	Lactobacillales	Bacilli	Firmicutes	Terrabacteria group	Bacteria			
1714681	Lactobacillus silagincola	Lactobacillus	Lactobacillaceae	Lactobacillales	Bacilli	Firmicutes	Terrabacteria group	Bacteria			
348151	Lactobacillus siliginis	Lactobacillus	Lactobacillaceae	Lactobacillales	Bacilli	Firmicutes	Terrabacteria group	Bacteria			
414682	Lactobacillus similis	Lactobacillus	Lactobacillaceae	Lactobacillales	Bacilli	Firmicutes	Terrabacteria group	Bacteria			
1296539	Lactobacillus songhuajiangensis	Lactobacillus	Lactobacillaceae	Lactobacillales	Bacilli	Firmicutes	Terrabacteria group	Bacteria			
2419772	Lactobacillus sp. BHWM-4	Lactobacillus	Lactobacillaceae	Lactobacillales	Bacilli	Firmicutes	Terrabacteria group	Bacteria			
2099788	Lactobacillus sp. CBA3605	Lactobacillus	Lactobacillaceae	Lactobacillales	Bacilli	Firmicutes	Terrabacteria group	Bacteria			
2099789	Lactobacillus sp. CBA3606	Lactobacillus	Lactobacillaceae	Lactobacillales	Bacilli	Firmicutes	Terrabacteria group	Bacteria			
2108362	Lactobacillus sp. D1501	Lactobacillus	Lactobacillaceae	Lactobacillales	Bacilli	Firmicutes	Terrabacteria group	Bacteria			
1545702	Lactobacillus sp. wkB8	Lactobacillus	Lactobacillaceae	Lactobacillales	Bacilli	Firmicutes	Terrabacteria group	Bacteria			
216463	Lactobacillus spicheri	Lactobacillus	Lactobacillaceae	Lactobacillales	Bacilli	Firmicutes	Terrabacteria group	Bacteria			
152335	Lactobacillus suebicus	Lactobacillus	Lactobacillaceae	Lactobacillales	Bacilli	Firmicutes	Terrabacteria group	Bacteria			
481719	Lactobacillus sunkii	Lactobacillus	Lactobacillaceae	Lactobacillales	Bacilli	Firmicutes	Terrabacteria group	Bacteria			
508451	Lactobacillus taiwanensis	Lactobacillus	Lactobacillaceae	Lactobacillales	Bacilli	Firmicutes	Terrabacteria group	Bacteria			
2269374	Lactobacillus terrae	Lactobacillus	Lactobacillaceae	Lactobacillales	Bacilli	Firmicutes	Terrabacteria group	Bacteria			
381741	Lactobacillus thailandensis	Lactobacillus	Lactobacillaceae	Lactobacillales	Bacilli	Firmicutes	Terrabacteria group	Bacteria			
238012	Lactobacillus tucceti	Lactobacillus	Lactobacillaceae	Lactobacillales	Bacilli	Firmicutes	Terrabacteria group	Bacteria			
227945	Lactobacillus ultunensis	Lactobacillus	Lactobacillaceae	Lactobacillales	Bacilli	Firmicutes	Terrabacteria group	Bacteria			
176291	Lactobacillus vaccinostercus	Lactobacillus	Lactobacillaceae	Lactobacillales	Bacilli	Firmicutes	Terrabacteria group	Bacteria			
1633	Lactobacillus vaginalis	Lactobacillus	Lactobacillaceae	Lactobacillales	Bacilli	Firmicutes	Terrabacteria group	Bacteria			
194326	Lactobacillus versmoldensis	Lactobacillus	Lactobacillaceae	Lactobacillales	Bacilli	Firmicutes	Terrabacteria group	Bacteria			
1249630	Lactobacillus vespulae	Lactobacillus	Lactobacillaceae	Lactobacillales	Bacilli	Firmicutes	Terrabacteria group	Bacteria			
1335616	Lactobacillus wasatchensis	Lactobacillus	Lactobacillaceae	Lactobacillales	Bacilli	Firmicutes	Terrabacteria group	Bacteria			
942150	Lactobacillus xiangfangensis	Lactobacillus	Lactobacillaceae	Lactobacillales	Bacilli	Firmicutes	Terrabacteria group	Bacteria			
1054041	Lactobacillus yonginensis	Lactobacillus	Lactobacillaceae	Lactobacillales	Bacilli	Firmicutes	Terrabacteria group	Bacteria			
57037	Lactobacillus zeae	Lactobacillus	Lactobacillaceae	Lactobacillales	Bacilli	Firmicutes	Terrabacteria group	Bacteria			Lactobacillus casei group
2304606	Lactobacillus zhachilii	Lactobacillus	Lactobacillaceae	Lactobacillales	Bacilli	Firmicutes	Terrabacteria group	Bacteria			
267363	Lactobacillus zymae	Lactobacillus	Lactobacillaceae	Lactobacillales	Bacilli	Firmicutes	Terrabacteria group	Bacteria			
1613	Limosilactobacillus fermentum	Limosilactobacillus	Lactobacillaceae	Lactobacillales	Bacilli	Firmicutes	Terrabacteria group	Bacteria			
208962	Escherichia albertii	Escherichia	Enterobacteriaceae	Enterobacterales	Gammaproteobacteria	Proteobacteria		Bacteria			
562	Escherichia coli	Escherichia	Enterobacteriaceae	Enterobacterales	Gammaproteobacteria	Proteobacteria		Bacteria			
564	Escherichia fergusonii	Escherichia	Enterobacteriaceae	Enterobacterales	Gammaproteobacteria	Proteobacteria		Bacteria			
1499973	Escherichia marmotae	Escherichia	Enterobacteriaceae	Enterobacterales	Gammaproteobacteria	Proteobacteria		Bacteria			
2044467	Escherichia sp. E4742	Escherichia	Enterobacteriaceae	Enterobacterales	Gammaproteobacteria	Proteobacteria		Bacteria			
54736	Salmonella bongori	Salmonella	Enterobacteriaceae	Enterobacterales	Gammaproteobacteria	Proteobacteria		Bacteria			
28901	Salmonella enterica	Salmonella	Enterobacteriaceae	Enterobacterales	Gammaproteobacteria	Proteobacteria		Bacteria			
2500542	Salmonella sp. SSDFZ54	Salmonella	Enterobacteriaceae	Enterobacterales	Gammaproteobacteria	Proteobacteria		Bacteria			
2500543	Salmonella sp. SSDFZ69	Salmonella	Enterobacteriaceae	Enterobacterales	Gammaproteobacteria	Proteobacteria		Bacteria			
621	Shigella boydii	Shigella	Enterobacteriaceae	Enterobacterales	Gammaproteobacteria	Proteobacteria		Bacteria			
622	Shigella dysenteriae	Shigella	Enterobacteriaceae	Enterobacterales	Gammaproteobacteria	Proteobacteria		Bacteria			
623	Shigella flexneri	Shigella	Enterobacteriaceae	Enterobacterales	Gammaproteobacteria	Proteobacteria		Bacteria			
624	Shigella sonnei	Shigella	Enterobacteriaceae	Enterobacterales	Gammaproteobacteria	Proteobacteria		Bacteria			
1813821	Shigella sp. PAMC 28760	Shigella	Enterobacteriaceae	Enterobacterales	Gammaproteobacteria	Proteobacteria		Bacteria			
1302376	Candidatus Pseudomonas adelgestsugas	Pseudomonas	Pseudomonadaceae	Pseudomonadales	Gammaproteobacteria	Proteobacteria		Bacteria			
89065	Pseudomonas abietaniphila	Pseudomonas	Pseudomonadaceae	Pseudomonadales	Gammaproteobacteria	Proteobacteria		Bacteria			
287	Pseudomonas aeruginosa	Pseudomonas	Pseudomonadaceae	Pseudomonadales	Gammaproteobacteria	Proteobacteria		Bacteria			Pseudomonas aeruginosa group
1387231	Pseudomonas aestus	Pseudomonas	Pseudomonadaceae	Pseudomonadales	Gammaproteobacteria	Proteobacteria		Bacteria			
857252	Pseudomonas aestusnigri	Pseudomonas	Pseudomonadaceae	Pseudomonadales	Gammaproteobacteria	Proteobacteria		Bacteria			Pseudomonas pertucinogena group
46677	Pseudomonas agarici	Pseudomonas	Pseudomonadaceae	Pseudomonadales	Gammaproteobacteria	Proteobacteria		Bacteria			
43263	Pseudomonas alcaligenes	Pseudomonas	Pseudomonadaceae	Pseudomonadales	Gammaproteobacteria	Proteobacteria		Bacteria			Pseudomonas aeruginosa group
101564	Pseudomonas alcaliphila	Pseudomonas	Pseudomonadaceae	Pseudomonadales	Gammaproteobacteria	Proteobacteria		Bacteria			
237609	Pseudomonas alkylphenolica	Pseudomonas	Pseudomonadaceae	Pseudomonadales	Gammaproteobacteria	Proteobacteria		Bacteria			
47877	Pseudomonas amygdali	Pseudomonas	Pseudomonadaceae	Pseudomonadales	Gammaproteobacteria	Proteobacteria		Bacteria		Pseudomonas syringae group genomosp. 2	Pseudomonas syringae group
53406	Pseudomonas anguilliseptica	Pseudomonas	Pseudomonadaceae	Pseudomonadales	Gammaproteobacteria	Proteobacteria		Bacteria			Pseudomonas aeruginosa group
219572	Pseudomonas antarctica	Pseudomonas	Pseudomonadaceae	Pseudomonadales	Gammaproteobacteria	Proteobacteria		Bacteria			
289370	Pseudomonas argentinensis	Pseudomonas	Pseudomonadaceae	Pseudomonadales	Gammaproteobacteria	Proteobacteria		Bacteria			
702115	Pseudomonas arsenicoxydans	Pseudomonas	Pseudomonadaceae	Pseudomonadales	Gammaproteobacteria	Proteobacteria		Bacteria			
53407	Pseudomonas asplenii	Pseudomonas	Pseudomonadaceae	Pseudomonadales	Gammaproteobacteria	Proteobacteria		Bacteria			
1190415	Pseudomonas asturiensis	Pseudomonas	Pseudomonadaceae	Pseudomonadales	Gammaproteobacteria	Proteobacteria		Bacteria			Pseudomonas syringae group
1825787	Pseudomonas asuensis	Pseudomonas	Pseudomonadaceae	Pseudomonadales	Gammaproteobacteria	Proteobacteria		Bacteria			
46257	Pseudomonas avellanae	Pseudomonas	Pseudomonadaceae	Pseudomonadales	Gammaproteobacteria	Proteobacteria		Bacteria			Pseudomonas syringae group
2739065	Pseudomonas aylmerense	Pseudomonas	Pseudomonadaceae	Pseudomonadales	Gammaproteobacteria	Proteobacteria		Bacteria			
291995	Pseudomonas azotifigens	Pseudomonas	Pseudomonadaceae	Pseudomonadales	Gammaproteobacteria	Proteobacteria		Bacteria			
47878	Pseudomonas azotoformans	Pseudomonas	Pseudomonadaceae	Pseudomonadales	Gammaproteobacteria	Proteobacteria		Bacteria			Pseudomonas fluorescens group
674054	Pseudomonas baetica	Pseudomonas	Pseudomonadaceae	Pseudomonadales	Gammaproteobacteria	Proteobacteria		Bacteria			
74829	Pseudomonas balearica	Pseudomonas	Pseudomonadaceae	Pseudomonadales	Gammaproteobacteria	Proteobacteria		Bacteria			Pseudomonas stutzeri group
226910	Pseudomonas batumici	Pseudomonas	Pseudomonadaceae	Pseudomonadales	Gammaproteobacteria	Proteobacteria		Bacteria			
653930	Pseudomonas bauzanensis	Pseudomonas	Pseudomonadaceae	Pseudomonadales	Gammaproteobacteria	Proteobacteria		Bacteria			
556533	Pseudomonas benzenivorans	Pseudomonas	Pseudomonadaceae	Pseudomonadales	Gammaproteobacteria	Proteobacteria		Bacteria			
2044872	Pseudomonas bohemica	Pseudomonas	Pseudomonadaceae	Pseudomonadales	Gammaproteobacteria	Proteobacteria		Bacteria			
289003	Pseudomonas borbori	Pseudomonas	Pseudomonadaceae	Pseudomonadales	Gammaproteobacteria	Proteobacteria		Bacteria			
930166	Pseudomonas brassicacearum	Pseudomonas	Pseudomonadaceae	Pseudomonadales	Gammaproteobacteria	Proteobacteria		Bacteria			
129817	Pseudomonas brenneri	Pseudomonas	Pseudomonadaceae	Pseudomonadales	Gammaproteobacteria	Proteobacteria		Bacteria			Pseudomonas fluorescens group
521720	Pseudomonas caeni	Pseudomonas	Pseudomonadaceae	Pseudomonadales	Gammaproteobacteria	Proteobacteria		Bacteria			Pseudomonas aeruginosa group
915099	Pseudomonas canadensis	Pseudomonas	Pseudomonadaceae	Pseudomonadales	Gammaproteobacteria	Proteobacteria		Bacteria			
86840	Pseudomonas cannabina	Pseudomonas	Pseudomonadaceae	Pseudomonadales	Gammaproteobacteria	Proteobacteria		Bacteria			Pseudomonas syringae group
46678	Pseudomonas caricapapayae	Pseudomonas	Pseudomonadaceae	Pseudomonadales	Gammaproteobacteria	Proteobacteria		Bacteria			Pseudomonas syringae group
1451454	Pseudomonas caspiana	Pseudomonas	Pseudomonadaceae	Pseudomonadales	Gammaproteobacteria	Proteobacteria		Bacteria			Pseudomonas syringae group
651740	Pseudomonas cedrina	Pseudomonas	Pseudomonadaceae	Pseudomonadales	Gammaproteobacteria	Proteobacteria		Bacteria			Pseudomonas fluorescens group
1583341	Pseudomonas cerasi	Pseudomonas	Pseudomonadaceae	Pseudomonadales	Gammaproteobacteria	Proteobacteria		Bacteria			
489632	Pseudomonas chengduensis	Pseudomonas	Pseudomonadaceae	Pseudomonadales	Gammaproteobacteria	Proteobacteria		Bacteria			
203192	Pseudomonas chloritidismutans	Pseudomonas	Pseudomonadaceae	Pseudomonadales	Gammaproteobacteria	Proteobacteria		Bacteria		Pseudomonas stutzeri subgroup	Pseudomonas stutzeri group
587753	Pseudomonas chlororaphis	Pseudomonas	Pseudomonadaceae	Pseudomonadales	Gammaproteobacteria	Proteobacteria		Bacteria			Pseudomonas chlororaphis group
36746	Pseudomonas cichorii	Pseudomonas	Pseudomonadaceae	Pseudomonadales	Gammaproteobacteria	Proteobacteria		Bacteria			Pseudomonas syringae group
53408	Pseudomonas citronellolis	Pseudomonas	Pseudomonadaceae	Pseudomonadales	Gammaproteobacteria	Proteobacteria		Bacteria			Pseudomonas aeruginosa group
1605838	Pseudomonas coleopterorum	Pseudomonas	Pseudomonadaceae	Pseudomonadales	Gammaproteobacteria	Proteobacteria		Bacteria			
658457	Pseudomonas composti	Pseudomonas	Pseudomonadaceae	Pseudomonadales	Gammaproteobacteria	Proteobacteria		Bacteria			
200452	Pseudomonas congelans	Pseudomonas	Pseudomonadaceae	Pseudomonadales	Gammaproteobacteria	Proteobacteria		Bacteria			Pseudomonas fluorescens group
47879	Pseudomonas corrugata	Pseudomonas	Pseudomonadaceae	Pseudomonadales	Gammaproteobacteria	Proteobacteria		Bacteria			Pseudomonas fluorescens group
168469	Pseudomonas costantinii	Pseudomonas	Pseudomonadaceae	Pseudomonadales	Gammaproteobacteria	Proteobacteria		Bacteria			Pseudomonas fluorescens group
157783	Pseudomonas cremoricolorata	Pseudomonas	Pseudomonadaceae	Pseudomonadales	Gammaproteobacteria	Proteobacteria		Bacteria			
543360	Pseudomonas cuatrocienegasensis	Pseudomonas	Pseudomonadaceae	Pseudomonadales	Gammaproteobacteria	Proteobacteria		Bacteria			
882211	Pseudomonas deceptionensis	Pseudomonas	Pseudomonadaceae	Pseudomonadales	Gammaproteobacteria	Proteobacteria		Bacteria			
366289	Pseudomonas delhiensis	Pseudomonas	Pseudomonadaceae	Pseudomonadales	Gammaproteobacteria	Proteobacteria		Bacteria			
43306	Pseudomonas denitrificans (nom. rej.)	Pseudomonas	Pseudomonadaceae	Pseudomonadales	Gammaproteobacteria	Proteobacteria		Bacteria			Pseudomonas pertucinogena group
1163398	Pseudomonas donghuensis	Pseudomonas	Pseudomonadaceae	Pseudomonadales	Gammaproteobacteria	Proteobacteria		Bacteria			
459528	Pseudomonas duriflava	Pseudomonas	Pseudomonadaceae	Pseudomonadales	Gammaproteobacteria	Proteobacteria		Bacteria			
1563157	Pseudomonas endophytica	Pseudomonas	Pseudomonadaceae	Pseudomonadales	Gammaproteobacteria	Proteobacteria		Bacteria			
312306	Pseudomonas entomophila	Pseudomonas	Pseudomonadaceae	Pseudomonadales	Gammaproteobacteria	Proteobacteria		Bacteria			
359110	Pseudomonas extremaustralis	Pseudomonas	Pseudomonadaceae	Pseudomonadales	Gammaproteobacteria	Proteobacteria		Bacteria			
169669	Pseudomonas extremorientalis	Pseudomonas	Pseudomonadaceae	Pseudomonadales	Gammaproteobacteria	Proteobacteria		Bacteria			Pseudomonas fluorescens group
53410	Pseudomonas ficuserectae	Pseudomonas	Pseudomonadaceae	Pseudomonadales	Gammaproteobacteria	Proteobacteria		Bacteria		Pseudomonas syringae group genomosp. 2	Pseudomonas syringae group
29435	Pseudomonas flavescens	Pseudomonas	Pseudomonadaceae	Pseudomonadales	Gammaproteobacteria	Proteobacteria		Bacteria			Pseudomonas aeruginosa group
706570	Pseudomonas flexibilis	Pseudomonas	Pseudomonadaceae	Pseudomonadales	Gammaproteobacteria	Proteobacteria		Bacteria			
1958950	Pseudomonas floridensis	Pseudomonas	Pseudomonadaceae	Pseudomonadales	Gammaproteobacteria	Proteobacteria		Bacteria			
294	Pseudomonas fluorescens	Pseudomonas	Pseudomonadaceae	Pseudomonadales	Gammaproteobacteria	Proteobacteria		Bacteria			Pseudomonas fluorescens group
1793966	Pseudomonas fluvialis	Pseudomonas	Pseudomonadaceae	Pseudomonadales	Gammaproteobacteria	Proteobacteria		Bacteria			
1002526	Pseudomonas formosensis	Pseudomonas	Pseudomonadaceae	Pseudomonadales	Gammaproteobacteria	Proteobacteria		Bacteria			
296	Pseudomonas fragi	Pseudomonas	Pseudomonadaceae	Pseudomonadales	Gammaproteobacteria	Proteobacteria		Bacteria			Pseudomonas chlororaphis group
104087	Pseudomonas frederiksbergensis	Pseudomonas	Pseudomonadaceae	Pseudomonadales	Gammaproteobacteria	Proteobacteria		Bacteria			
47880	Pseudomonas fulva	Pseudomonas	Pseudomonadaceae	Pseudomonadales	Gammaproteobacteria	Proteobacteria		Bacteria			Pseudomonas putida group
1149133	Pseudomonas furukawaii	Pseudomonas	Pseudomonadaceae	Pseudomonadales	Gammaproteobacteria	Proteobacteria		Bacteria		Pseudomonas oleovorans/pseudoalcaligenes group	Pseudomonas aeruginosa group
50340	Pseudomonas fuscovaginae	Pseudomonas	Pseudomonadaceae	Pseudomonadales	Gammaproteobacteria	Proteobacteria		Bacteria			Pseudomonas syringae group
78544	Pseudomonas gessardii	Pseudomonas	Pseudomonadaceae	Pseudomonadales	Gammaproteobacteria	Proteobacteria		Bacteria			Pseudomonas fluorescens group
1577705	Pseudomonas glareae	Pseudomonas	Pseudomonadaceae	Pseudomonadales	Gammaproteobacteria	Proteobacteria		Bacteria			
1785145	Pseudomonas glycinae	Pseudomonas	Pseudomonadaceae	Pseudomonadales	Gammaproteobacteria	Proteobacteria		Bacteria			
158627	Pseudomonas graminis	Pseudomonas	Pseudomonadaceae	Pseudomonadales	Gammaproteobacteria	Proteobacteria		Bacteria			
129847	Pseudomonas grimontii	Pseudomonas	Pseudomonadaceae	Pseudomonadales	Gammaproteobacteria	Proteobacteria		Bacteria			
1245526	Pseudomonas guangdongensis	Pseudomonas	Pseudomonadaceae	Pseudomonadales	Gammaproteobacteria	Proteobacteria		Bacteria			
1288410	Pseudomonas guariconensis	Pseudomonas	Pseudomonadaceae	Pseudomonadales	Gammaproteobacteria	Proteobacteria		Bacteria			
310348	Pseudomonas guezennei	Pseudomonas	Pseudomonadaceae	Pseudomonadales	Gammaproteobacteria	Proteobacteria		Bacteria			
1198456	Pseudomonas guguanensis	Pseudomonas	Pseudomonadaceae	Pseudomonadales	Gammaproteobacteria	Proteobacteria		Bacteria			
425504	Pseudomonas guineae	Pseudomonas	Pseudomonadaceae	Pseudomonadales	Gammaproteobacteria	Proteobacteria		Bacteria			
1608996	Pseudomonas helleri	Pseudomonas	Pseudomonadaceae	Pseudomonadales	Gammaproteobacteria	Proteobacteria		Bacteria			
1471381	Pseudomonas helmanticensis	Pseudomonas	Pseudomonadaceae	Pseudomonadales	Gammaproteobacteria	Proteobacteria		Bacteria			
1429083	Pseudomonas hussainii	Pseudomonas	Pseudomonadaceae	Pseudomonadales	Gammaproteobacteria	Proteobacteria		Bacteria			
2707027	Pseudomonas hutmensis	Pseudomonas	Pseudomonadaceae	Pseudomonadales	Gammaproteobacteria	Proteobacteria		Bacteria			
137658	Pseudomonas indica	Pseudomonas	Pseudomonadaceae	Pseudomonadales	Gammaproteobacteria	Proteobacteria		Bacteria			
404407	Pseudomonas indoloxydans	Pseudomonas	Pseudomonadaceae	Pseudomonadales	Gammaproteobacteria	Proteobacteria		Bacteria			
256466	Pseudomonas japonica	Pseudomonas	Pseudomonadaceae	Pseudomonadales	Gammaproteobacteria	Proteobacteria		Bacteria			
77298	Pseudomonas jessenii	Pseudomonas	Pseudomonadaceae	Pseudomonadales	Gammaproteobacteria	Proteobacteria		Bacteria			
2078689	Pseudomonas jilinensis	Pseudomonas	Pseudomonadaceae	Pseudomonadales	Gammaproteobacteria	Proteobacteria		Bacteria			
198616	Pseudomonas jinjuensis	Pseudomonas	Pseudomonadaceae	Pseudomonadales	Gammaproteobacteria	Proteobacteria		Bacteria			Pseudomonas aeruginosa group
2502979	Pseudomonas khazarica	Pseudomonas	Pseudomonadaceae	Pseudomonadales	Gammaproteobacteria	Proteobacteria		Bacteria			
132476	Pseudomonas kilonensis	Pseudomonas	Pseudomonadaceae	Pseudomonadales	Gammaproteobacteria	Proteobacteria		Bacteria			
65741	Pseudomonas knackmussii	Pseudomonas	Pseudomonadaceae	Pseudomonadales	Gammaproteobacteria	Proteobacteria		Bacteria			
198620	Pseudomonas koreensis	Pseudomonas	Pseudomonadaceae	Pseudomonadales	Gammaproteobacteria	Proteobacteria		Bacteria			
1628086	Pseudomonas kribbensis	Pseudomonas	Pseudomonadaceae	Pseudomonadales	Gammaproteobacteria	Proteobacteria		Bacteria			
1211807	Pseudomonas kunmingensis	Pseudomonas	Pseudomonadaceae	Pseudomonadales	Gammaproteobacteria	Proteobacteria		Bacteria			
1007099	Pseudomonas kuykendallii	Pseudomonas	Pseudomonadaceae	Pseudomonadales	Gammaproteobacteria	Proteobacteria		Bacteria			
1615674	Pseudomonas lactis	Pseudomonas	Pseudomonadaceae	Pseudomonadales	Gammaproteobacteria	Proteobacteria		Bacteria			
75588	Pseudomonas libanensis	Pseudomonas	Pseudomonadaceae	Pseudomonadales	Gammaproteobacteria	Proteobacteria		Bacteria			Pseudomonas fluorescens group
163011	Pseudomonas lini	Pseudomonas	Pseudomonadaceae	Pseudomonadales	Gammaproteobacteria	Proteobacteria		Bacteria			
915471	Pseudomonas linyingensis	Pseudomonas	Pseudomonadaceae	Pseudomonadales	Gammaproteobacteria	Proteobacteria		Bacteria			
797277	Pseudomonas litoralis	Pseudomonas	Pseudomonadaceae	Pseudomonadales	Gammaproteobacteria	Proteobacteria		Bacteria			
86185	Pseudomonas lundensis	Pseudomonas	Pseudomonadaceae	Pseudomonadales	Gammaproteobacteria	Proteobacteria		Bacteria			Pseudomonas chlororaphis group
244566	Pseudomonas lurida	Pseudomonas	Pseudomonadaceae	Pseudomonadales	Gammaproteobacteria	Proteobacteria		Bacteria			
243924	Pseudomonas lutea	Pseudomonas	Pseudomonadaceae	Pseudomonadales	Gammaproteobacteria	Proteobacteria		Bacteria			
47886	Pseudomonas luteola	Pseudomonas	Pseudomonadaceae	Pseudomonadales	Gammaproteobacteria	Proteobacteria		Bacteria			Pseudomonas stutzeri group
75612	Pseudomonas mandelii	Pseudomonas	Pseudomonadaceae	Pseudomonadales	Gammaproteobacteria	Proteobacteria		Bacteria			Pseudomonas fluorescens group
298	Pseudomonas marginalis	Pseudomonas	Pseudomonadaceae	Pseudomonadales	Gammaproteobacteria	Proteobacteria		Bacteria			Pseudomonas fluorescens group
437900	Pseudomonas marincola	Pseudomonas	Pseudomonadaceae	Pseudomonadales	Gammaproteobacteria	Proteobacteria		Bacteria			
1515666	Pseudomonas matsuisoli	Pseudomonas	Pseudomonadaceae	Pseudomonadales	Gammaproteobacteria	Proteobacteria		Bacteria			
183795	Pseudomonas mediterranea	Pseudomonas	Pseudomonadaceae	Pseudomonadales	Gammaproteobacteria	Proteobacteria		Bacteria			Pseudomonas fluorescens group
300	Pseudomonas mendocina	Pseudomonas	Pseudomonadaceae	Pseudomonadales	Gammaproteobacteria	Proteobacteria		Bacteria			Pseudomonas aeruginosa group
219573	Pseudomonas meridiana	Pseudomonas	Pseudomonadaceae	Pseudomonadales	Gammaproteobacteria	Proteobacteria		Bacteria			
78543	Pseudomonas migulae	Pseudomonas	Pseudomonadaceae	Pseudomonadales	Gammaproteobacteria	Proteobacteria		Bacteria			Pseudomonas fluorescens group
395600	Pseudomonas mohnii	Pseudomonas	Pseudomonadaceae	Pseudomonadales	Gammaproteobacteria	Proteobacteria		Bacteria			
76759	Pseudomonas monteilii	Pseudomonas	Pseudomonadaceae	Pseudomonadales	Gammaproteobacteria	Proteobacteria		Bacteria			Pseudomonas putida group
395599	Pseudomonas moorei	Pseudomonas	Pseudomonadaceae	Pseudomonadales	Gammaproteobacteria	Proteobacteria		Bacteria			
321662	Pseudomonas moraviensis	Pseudomonas	Pseudomonadaceae	Pseudomonadales	Gammaproteobacteria	Proteobacteria		Bacteria			
78327	Pseudomonas mosselii	Pseudomonas	Pseudomonadaceae	Pseudomonadales	Gammaproteobacteria	Proteobacteria		Bacteria			Pseudomonas putida group
46679	Pseudomonas mucidolens	Pseudomonas	Pseudomonadaceae	Pseudomonadales	Gammaproteobacteria	Proteobacteria		Bacteria			Pseudomonas fluorescens group
95301	Pseudomonas multiresinivorans	Pseudomonas	Pseudomonadaceae	Pseudomonadales	Gammaproteobacteria	Proteobacteria		Bacteria		Pseudomonas nitroreducens/multiresinivorans group	Pseudomonas aeruginosa group
915472	Pseudomonas nitritireducens	Pseudomonas	Pseudomonadaceae	Pseudomonadales	Gammaproteobacteria	Proteobacteria		Bacteria			
2482751	Pseudomonas nitrititolerans	Pseudomonas	Pseudomonadaceae	Pseudomonadales	Gammaproteobacteria	Proteobacteria		Bacteria			
46680	Pseudomonas nitroreducens	Pseudomonas	Pseudomonadaceae	Pseudomonadales	Gammaproteobacteria	Proteobacteria		Bacteria		Pseudomonas nitroreducens/multiresinivorans group	Pseudomonas aeruginosa group
1708783	Pseudomonas oceani	Pseudomonas	Pseudomonadaceae	Pseudomonadales	Gammaproteobacteria	Proteobacteria		Bacteria			
301	Pseudomonas oleovorans	Pseudomonas	Pseudomonadaceae	Pseudomonadales	Gammaproteobacteria	Proteobacteria		Bacteria		Pseudomonas oleovorans/pseudoalcaligenes group	Pseudomonas aeruginosa group
76758	Pseudomonas orientalis	Pseudomonas	Pseudomonadaceae	Pseudomonadales	Gammaproteobacteria	Proteobacteria		Bacteria			Pseudomonas fluorescens group
1392877	Pseudomonas oryzae	Pseudomonas	Pseudomonadaceae	Pseudomonadales	Gammaproteobacteria	Proteobacteria		Bacteria			
47885	Pseudomonas oryzihabitans	Pseudomonas	Pseudomonadaceae	Pseudomonadales	Gammaproteobacteria	Proteobacteria		Bacteria			Pseudomonas putida group
319939	Pseudomonas otitidis	Pseudomonas	Pseudomonadaceae	Pseudomonadales	Gammaproteobacteria	Proteobacteria		Bacteria			
254161	Pseudomonas pachastrellae	Pseudomonas	Pseudomonadaceae	Pseudomonadales	Gammaproteobacteria	Proteobacteria		Bacteria			
191390	Pseudomonas palleroniana	Pseudomonas	Pseudomonadaceae	Pseudomonadales	Gammaproteobacteria	Proteobacteria		Bacteria			
307251	Pseudomonas panacis	Pseudomonas	Pseudomonadaceae	Pseudomonadales	Gammaproteobacteria	Proteobacteria		Bacteria			
428992	Pseudomonas panipatensis	Pseudomonas	Pseudomonadaceae	Pseudomonadales	Gammaproteobacteria	Proteobacteria		Bacteria			
157782	Pseudomonas parafulva	Pseudomonas	Pseudomonadaceae	Pseudomonadales	Gammaproteobacteria	Proteobacteria		Bacteria			
1615673	Pseudomonas paralactis	Pseudomonas	Pseudomonadaceae	Pseudomonadales	Gammaproteobacteria	Proteobacteria		Bacteria			
553151	Pseudomonas pelagia	Pseudomonas	Pseudomonadaceae	Pseudomonadales	Gammaproteobacteria	Proteobacteria		Bacteria			
592361	Pseudomonas peli	Pseudomonas	Pseudomonadaceae	Pseudomonadales	Gammaproteobacteria	Proteobacteria		Bacteria			
86175	Pseudomonas pertucinogena	Pseudomonas	Pseudomonadaceae	Pseudomonadales	Gammaproteobacteria	Proteobacteria		Bacteria			Pseudomonas pertucinogena group
1905276	Pseudomonas pharmafabricae	Pseudomonas	Pseudomonadaceae	Pseudomonadales	Gammaproteobacteria	Proteobacteria		Bacteria			
70775	Pseudomonas plecoglossicida	Pseudomonas	Pseudomonadaceae	Pseudomonadales	Gammaproteobacteria	Proteobacteria		Bacteria			Pseudomonas putida group
200451	Pseudomonas poae	Pseudomonas	Pseudomonadaceae	Pseudomonadales	Gammaproteobacteria	Proteobacteria		Bacteria			Pseudomonas fluorescens group
364197	Pseudomonas pohangensis	Pseudomonas	Pseudomonadaceae	Pseudomonadales	Gammaproteobacteria	Proteobacteria		Bacteria			
1500966	Pseudomonas populi	Pseudomonas	Pseudomonadaceae	Pseudomonadales	Gammaproteobacteria	Proteobacteria		Bacteria			
1148509	Pseudomonas prosekii	Pseudomonas	Pseudomonadaceae	Pseudomonadales	Gammaproteobacteria	Proteobacteria		Bacteria			
380021	Pseudomonas protegens	Pseudomonas	Pseudomonadaceae	Pseudomonadales	Gammaproteobacteria	Proteobacteria		Bacteria			Pseudomonas fluorescens group
219574	Pseudomonas proteolytica	Pseudomonas	Pseudomonadaceae	Pseudomonadales	Gammaproteobacteria	Proteobacteria		Bacteria			Pseudomonas fluorescens group
122355	Pseudomonas psychrophila	Pseudomonas	Pseudomonadaceae	Pseudomonadales	Gammaproteobacteria	Proteobacteria		Bacteria			
237610	Pseudomonas psychrotolerans	Pseudomonas	Pseudomonadaceae	Pseudomonadales	Gammaproteobacteria	Proteobacteria		Bacteria			
1220495	Pseudomonas punonensis	Pseudomonas	Pseudomonadaceae	Pseudomonadales	Gammaproteobacteria	Proteobacteria		Bacteria			
303	Pseudomonas putida	Pseudomonas	Pseudomonadaceae	Pseudomonadales	Gammaproteobacteria	Proteobacteria		Bacteria			Pseudomonas putida group
2056231	Pseudomonas qingdaonensis	Pseudomonas	Pseudomonadaceae	Pseudomonadales	Gammaproteobacteria	Proteobacteria		Bacteria			
1785162	Pseudomonas reidholzensis	Pseudomonas	Pseudomonadaceae	Pseudomonadales	Gammaproteobacteria	Proteobacteria		Bacteria			Pseudomonas putida group
395598	Pseudomonas reinekei	Pseudomonas	Pseudomonadaceae	Pseudomonadales	Gammaproteobacteria	Proteobacteria		Bacteria			
53412	Pseudomonas resinovorans	Pseudomonas	Pseudomonadaceae	Pseudomonadales	Gammaproteobacteria	Proteobacteria		Bacteria			Pseudomonas aeruginosa group
216142	Pseudomonas rhizosphaerae	Pseudomonas	Pseudomonadaceae	Pseudomonadales	Gammaproteobacteria	Proteobacteria		Bacteria			
76760	Pseudomonas rhodesiae	Pseudomonas	Pseudomonadaceae	Pseudomonadales	Gammaproteobacteria	Proteobacteria		Bacteria			Pseudomonas fluorescens group
472181	Pseudomonas sabulinigri	Pseudomonas	Pseudomonadaceae	Pseudomonadales	Gammaproteobacteria	Proteobacteria		Bacteria			
1135990	Pseudomonas sagittaria	Pseudomonas	Pseudomonadaceae	Pseudomonadales	Gammaproteobacteria	Proteobacteria		Bacteria			
1434072	Pseudomonas salegens	Pseudomonas	Pseudomonadaceae	Pseudomonadales	Gammaproteobacteria	Proteobacteria		Bacteria			
1323744	Pseudomonas salina	Pseudomonas	Pseudomonadaceae	Pseudomonadales	Gammaproteobacteria	Proteobacteria		Bacteria			
191391	Pseudomonas salomonii	Pseudomonas	Pseudomonadaceae	Pseudomonadales	Gammaproteobacteria	Proteobacteria		Bacteria			
556534	Pseudomonas saponiphila	Pseudomonas	Pseudomonadaceae	Pseudomonadales	Gammaproteobacteria	Proteobacteria		Bacteria			
29438	Pseudomonas savastanoi	Pseudomonas	Pseudomonadaceae	Pseudomonadales	Gammaproteobacteria	Proteobacteria		Bacteria		Pseudomonas syringae group genomosp. 2	Pseudomonas syringae group
298908	Pseudomonas segetis	Pseudomonas	Pseudomonadaceae	Pseudomonadales	Gammaproteobacteria	Proteobacteria		Bacteria			
640205	Pseudomonas seleniipraecipitans	Pseudomonas	Pseudomonadaceae	Pseudomonadales	Gammaproteobacteria	Proteobacteria		Bacteria			
582700	Pseudomonas sesami	Pseudomonas	Pseudomonadaceae	Pseudomonadales	Gammaproteobacteria	Proteobacteria		Bacteria			
1274359	Pseudomonas sihuiensis	Pseudomonas	Pseudomonadaceae	Pseudomonadales	Gammaproteobacteria	Proteobacteria		Bacteria			
1853130	Pseudomonas silesiensis	Pseudomonas	Pseudomonadaceae	Pseudomonadales	Gammaproteobacteria	Proteobacteria		Bacteria			
321846	Pseudomonas simiae	Pseudomonas	Pseudomonadaceae	Pseudomonadales	Gammaproteobacteria	Proteobacteria		Bacteria			
1306993	Pseudomonas soli	Pseudomonas	Pseudomonadaceae	Pseudomonadales	Gammaproteobacteria	Proteobacteria		Bacteria			
1176259	Pseudomonas songnenensis	Pseudomonas	Pseudomonadaceae	Pseudomonadales	Gammaproteobacteria	Proteobacteria		Bacteria			
2505979	Pseudomonas sp. 11K1	Pseudomonas	Pseudomonadaceae	Pseudomonadales	Gammaproteobacteria	Proteobacteria		Bacteria			
2201356	Pseudomonas sp. 31-12	Pseudomonas	Pseudomonadaceae	Pseudomonadales	Gammaproteobacteria	Proteobacteria		Bacteria			
1978467	Pseudomonas sp. AK6U	Pseudomonas	Pseudomonadaceae	Pseudomonadales	Gammaproteobacteria	Proteobacteria		Bacteria			
1294143	Pseudomonas sp. ATCC 13867	Pseudomonas	Pseudomonadaceae	Pseudomonadales	Gammaproteobacteria	Proteobacteria		Bacteria			
676210	Pseudomonas sp. ATCC 43928	Pseudomonas	Pseudomonadaceae	Pseudomonadales	Gammaproteobacteria	Proteobacteria		Bacteria			
2597770	Pseudomonas sp. BJP69	Pseudomonas	Pseudomonadaceae	Pseudomonadales	Gammaproteobacteria	Proteobacteria		Bacteria			
2604941	Pseudomonas sp. C27(2019)	Pseudomonas	Pseudomonadaceae	Pseudomonadales	Gammaproteobacteria	Proteobacteria		Bacteria			
1930532	Pseudomonas sp. CC6-YY-74	Pseudomonas	Pseudomonadaceae	Pseudomonadales	Gammaproteobacteria	Proteobacteria		Bacteria			
1649877	Pseudomonas sp. CCOS 191	Pseudomonas	Pseudomonadaceae	Pseudomonadales	Gammaproteobacteria	Proteobacteria		Bacteria			
658629	Pseudomonas sp. CMR12a	Pseudomonas	Pseudomonadaceae	Pseudomonadales	Gammaproteobacteria	Proteobacteria		Bacteria			
658630	Pseudomonas sp. CMR5c	Pseudomonas	Pseudomonadaceae	Pseudomonadales	Gammaproteobacteria	Proteobacteria		Bacteria			
2320270	Pseudomonas sp. DG56-2	Pseudomonas	Pseudomonadaceae	Pseudomonadales	Gammaproteobacteria	Proteobacteria		Bacteria			
1534110	Pseudomonas sp. DR 5-09	Pseudomonas	Pseudomonadaceae	Pseudomonadales	Gammaproteobacteria	Proteobacteria		Bacteria			
2073078	Pseudomonas sp. DTU12.3	Pseudomonas	Pseudomonadaceae	Pseudomonadales	Gammaproteobacteria	Proteobacteria		Bacteria			
1755504	Pseudomonas sp. DY-1	Pseudomonas	Pseudomonadaceae	Pseudomonadales	Gammaproteobacteria	Proteobacteria		Bacteria			
2018067	Pseudomonas sp. FDAARGOS_380	Pseudomonas	Pseudomonadaceae	Pseudomonadales	Gammaproteobacteria	Proteobacteria		Bacteria			
1259844	Pseudomonas sp. FGI182	Pseudomonas	Pseudomonadaceae	Pseudomonadales	Gammaproteobacteria	Proteobacteria		Bacteria			
1659194	Pseudomonas sp. GR 6-02	Pseudomonas	Pseudomonadaceae	Pseudomonadales	Gammaproteobacteria	Proteobacteria		Bacteria			
2049589	Pseudomonas sp. HLS-6	Pseudomonas	Pseudomonadaceae	Pseudomonadales	Gammaproteobacteria	Proteobacteria		Bacteria			
1338689	Pseudomonas sp. JY-Q	Pseudomonas	Pseudomonadaceae	Pseudomonadales	Gammaproteobacteria	Proteobacteria		Bacteria			
2320867	Pseudomonas sp. K2W31S-8	Pseudomonas	Pseudomonadaceae	Pseudomonadales	Gammaproteobacteria	Proteobacteria		Bacteria			
2578110	Pseudomonas sp. KBS0707	Pseudomonas	Pseudomonadaceae	Pseudomonadales	Gammaproteobacteria	Proteobacteria		Bacteria			
2578115	Pseudomonas sp. KBS0802	Pseudomonas	Pseudomonadaceae	Pseudomonadales	Gammaproteobacteria	Proteobacteria		Bacteria			
2609418	Pseudomonas sp. KUIN-1	Pseudomonas	Pseudomonadaceae	Pseudomonadales	Gammaproteobacteria	Proteobacteria		Bacteria			
2126069	Pseudomonas sp. LBUM920	Pseudomonas	Pseudomonadaceae	Pseudomonadales	Gammaproteobacteria	Proteobacteria		Bacteria			
2083054	Pseudomonas sp. LG1D9	Pseudomonas	Pseudomonadaceae	Pseudomonadales	Gammaproteobacteria	Proteobacteria		Bacteria			
2219057	Pseudomonas sp. LG1E9	Pseudomonas	Pseudomonadaceae	Pseudomonadales	Gammaproteobacteria	Proteobacteria		Bacteria			
2083055	Pseudomonas sp. LH1G9	Pseudomonas	Pseudomonadaceae	Pseudomonadales	Gammaproteobacteria	Proteobacteria		Bacteria			
1898684	Pseudomonas sp. LPH1	Pseudomonas	Pseudomonadaceae	Pseudomonadales	Gammaproteobacteria	Proteobacteria		Bacteria			
2479393	Pseudomonas sp. LTGT-11-2Z	Pseudomonas	Pseudomonadaceae	Pseudomonadales	Gammaproteobacteria	Proteobacteria		Bacteria			
2479392	Pseudomonas sp. LTJR-52	Pseudomonas	Pseudomonadaceae	Pseudomonadales	Gammaproteobacteria	Proteobacteria		Bacteria			
1736226	Pseudomonas sp. Leaf58	Pseudomonas	Pseudomonadaceae	Pseudomonadales	Gammaproteobacteria	Proteobacteria		Bacteria			
1206777	Pseudomonas sp. Lz4W	Pseudomonas	Pseudomonadaceae	Pseudomonadales	Gammaproteobacteria	Proteobacteria		Bacteria			Pseudomonas syringae group
1981174	Pseudomonas sp. M30-35	Pseudomonas	Pseudomonadaceae	Pseudomonadales	Gammaproteobacteria	Proteobacteria		Bacteria			
2498848	Pseudomonas sp. MPC6	Pseudomonas	Pseudomonadaceae	Pseudomonadales	Gammaproteobacteria	Proteobacteria		Bacteria			
1611770	Pseudomonas sp. MRSN12121	Pseudomonas	Pseudomonadaceae	Pseudomonadales	Gammaproteobacteria	Proteobacteria		Bacteria			
1827300	Pseudomonas sp. MYb193	Pseudomonas	Pseudomonadaceae	Pseudomonadales	Gammaproteobacteria	Proteobacteria		Bacteria			
2067572	Pseudomonas sp. NC02	Pseudomonas	Pseudomonadaceae	Pseudomonadales	Gammaproteobacteria	Proteobacteria		Bacteria			
2590776	Pseudomonas sp. NIBRBAC000502773	Pseudomonas	Pseudomonadaceae	Pseudomonadales	Gammaproteobacteria	Proteobacteria		Bacteria			
1500686	Pseudomonas sp. Os17	Pseudomonas	Pseudomonadaceae	Pseudomonadales	Gammaproteobacteria	Proteobacteria		Bacteria			
2604832	Pseudomonas sp. PE08	Pseudomonas	Pseudomonadaceae	Pseudomonadales	Gammaproteobacteria	Proteobacteria		Bacteria			
1636610	Pseudomonas sp. PONIH3	Pseudomonas	Pseudomonadaceae	Pseudomonadales	Gammaproteobacteria	Proteobacteria		Bacteria			
1173270	Pseudomonas sp. R1-43-08	Pseudomonas	Pseudomonadaceae	Pseudomonadales	Gammaproteobacteria	Proteobacteria		Bacteria			
658632	Pseudomonas sp. R11-23-07	Pseudomonas	Pseudomonadaceae	Pseudomonadales	Gammaproteobacteria	Proteobacteria		Bacteria			
1173273	Pseudomonas sp. R2-37-08W	Pseudomonas	Pseudomonadaceae	Pseudomonadales	Gammaproteobacteria	Proteobacteria		Bacteria			
1173280	Pseudomonas sp. R2-60-08W	Pseudomonas	Pseudomonadaceae	Pseudomonadales	Gammaproteobacteria	Proteobacteria		Bacteria			
658641	Pseudomonas sp. R2-7-07	Pseudomonas	Pseudomonadaceae	Pseudomonadales	Gammaproteobacteria	Proteobacteria		Bacteria			
2213057	Pseudomonas sp. R2A2	Pseudomonas	Pseudomonadaceae	Pseudomonadales	Gammaproteobacteria	Proteobacteria		Bacteria			
1173283	Pseudomonas sp. R3-18-08	Pseudomonas	Pseudomonadaceae	Pseudomonadales	Gammaproteobacteria	Proteobacteria		Bacteria			
1173284	Pseudomonas sp. R3-52-08	Pseudomonas	Pseudomonadaceae	Pseudomonadales	Gammaproteobacteria	Proteobacteria		Bacteria			
658642	Pseudomonas sp. R4-34-07	Pseudomonas	Pseudomonadaceae	Pseudomonadales	Gammaproteobacteria	Proteobacteria		Bacteria			
658643	Pseudomonas sp. R4-35-07	Pseudomonas	Pseudomonadaceae	Pseudomonadales	Gammaproteobacteria	Proteobacteria		Bacteria			
1173288	Pseudomonas sp. R4-39-08	Pseudomonas	Pseudomonadaceae	Pseudomonadales	Gammaproteobacteria	Proteobacteria		Bacteria			
658644	Pseudomonas sp. R5-89-07	Pseudomonas	Pseudomonadaceae	Pseudomonadales	Gammaproteobacteria	Proteobacteria		Bacteria			
2005388	Pseudomonas sp. RU47	Pseudomonas	Pseudomonadaceae	Pseudomonadales	Gammaproteobacteria	Proteobacteria		Bacteria			
1931241	Pseudomonas sp. S-6-2	Pseudomonas	Pseudomonadaceae	Pseudomonadales	Gammaproteobacteria	Proteobacteria		Bacteria			
2559074	Pseudomonas sp. S150	Pseudomonas	Pseudomonadaceae	Pseudomonadales	Gammaproteobacteria	Proteobacteria		Bacteria			
2653853	Pseudomonas sp. SCB32	Pseudomonas	Pseudomonadaceae	Pseudomonadales	Gammaproteobacteria	Proteobacteria		Bacteria			
2217867	Pseudomonas sp. SGAir0191	Pseudomonas	Pseudomonadaceae	Pseudomonadales	Gammaproteobacteria	Proteobacteria		Bacteria			Pseudomonas putida group
2518644	Pseudomonas sp. SNU WT1	Pseudomonas	Pseudomonadaceae	Pseudomonadales	Gammaproteobacteria	Proteobacteria		Bacteria			
2083052	Pseudomonas sp. SWI36	Pseudomonas	Pseudomonadaceae	Pseudomonadales	Gammaproteobacteria	Proteobacteria		Bacteria			
2083053	Pseudomonas sp. SWI44	Pseudomonas	Pseudomonadaceae	Pseudomonadales	Gammaproteobacteria	Proteobacteria		Bacteria			
2083051	Pseudomonas sp. SWI6	Pseudomonas	Pseudomonadaceae	Pseudomonadales	Gammaproteobacteria	Proteobacteria		Bacteria			
2587597	Pseudomonas sp. SWI7	Pseudomonas	Pseudomonadaceae	Pseudomonadales	Gammaproteobacteria	Proteobacteria		Bacteria			
2169583	Pseudomonas sp. SXM-1	Pseudomonas	Pseudomonadaceae	Pseudomonadales	Gammaproteobacteria	Proteobacteria		Bacteria			
1500687	Pseudomonas sp. St29	Pseudomonas	Pseudomonadaceae	Pseudomonadales	Gammaproteobacteria	Proteobacteria		Bacteria			
1028989	Pseudomonas sp. StFLB209	Pseudomonas	Pseudomonadaceae	Pseudomonadales	Gammaproteobacteria	Proteobacteria		Bacteria			
1856685	Pseudomonas sp. TCU-HL1	Pseudomonas	Pseudomonadaceae	Pseudomonadales	Gammaproteobacteria	Proteobacteria		Bacteria			
1415630	Pseudomonas sp. TKP	Pseudomonas	Pseudomonadaceae	Pseudomonadales	Gammaproteobacteria	Proteobacteria		Bacteria			
1886807	Pseudomonas sp. TMW 2.1634	Pseudomonas	Pseudomonadaceae	Pseudomonadales	Gammaproteobacteria	Proteobacteria		Bacteria			
1283291	Pseudomonas sp. URMO17WK12:I11	Pseudomonas	Pseudomonadaceae	Pseudomonadales	Gammaproteobacteria	Proteobacteria		Bacteria			
1207075	Pseudomonas sp. UW4	Pseudomonas	Pseudomonadaceae	Pseudomonadales	Gammaproteobacteria	Proteobacteria		Bacteria			
69328	Pseudomonas sp. VLB120	Pseudomonas	Pseudomonadaceae	Pseudomonadales	Gammaproteobacteria	Proteobacteria		Bacteria			
2069256	Pseudomonas sp. XWY-1	Pseudomonas	Pseudomonadaceae	Pseudomonadales	Gammaproteobacteria	Proteobacteria		Bacteria			
253237	Pseudomonas sp. phDV1	Pseudomonas	Pseudomonadaceae	Pseudomonadales	Gammaproteobacteria	Proteobacteria		Bacteria			
47882	Pseudomonas straminea	Pseudomonas	Pseudomonadaceae	Pseudomonadales	Gammaproteobacteria	Proteobacteria		Bacteria			Pseudomonas aeruginosa group
316	Pseudomonas stutzeri	Pseudomonas	Pseudomonadaceae	Pseudomonadales	Gammaproteobacteria	Proteobacteria		Bacteria		Pseudomonas stutzeri subgroup	Pseudomonas stutzeri group
47883	Pseudomonas synxantha	Pseudomonas	Pseudomonadaceae	Pseudomonadales	Gammaproteobacteria	Proteobacteria		Bacteria			Pseudomonas fluorescens group
317	Pseudomonas syringae	Pseudomonas	Pseudomonadaceae	Pseudomonadales	Gammaproteobacteria	Proteobacteria		Bacteria		Pseudomonas syringae group genomosp. 1	Pseudomonas syringae group
251701	Pseudomonas syringae group genomosp. 3	Pseudomonas	Pseudomonadaceae	Pseudomonadales	Gammaproteobacteria	Proteobacteria		Bacteria			Pseudomonas syringae group
574962	Pseudomonas taeanensis	Pseudomonas	Pseudomonadaceae	Pseudomonadales	Gammaproteobacteria	Proteobacteria		Bacteria			
47884	Pseudomonas taetrolens	Pseudomonas	Pseudomonadaceae	Pseudomonadales	Gammaproteobacteria	Proteobacteria		Bacteria			Pseudomonas chlororaphis group
470150	Pseudomonas taiwanensis	Pseudomonas	Pseudomonadaceae	Pseudomonadales	Gammaproteobacteria	Proteobacteria		Bacteria			
1507735	Pseudomonas tarimensis	Pseudomonas	Pseudomonadaceae	Pseudomonadales	Gammaproteobacteria	Proteobacteria		Bacteria			
157784	Pseudomonas thermotolerans	Pseudomonas	Pseudomonadaceae	Pseudomonadales	Gammaproteobacteria	Proteobacteria		Bacteria			
86265	Pseudomonas thivervalensis	Pseudomonas	Pseudomonadaceae	Pseudomonadales	Gammaproteobacteria	Proteobacteria		Bacteria			
29442	Pseudomonas tolaasii	Pseudomonas	Pseudomonadaceae	Pseudomonadales	Gammaproteobacteria	Proteobacteria		Bacteria			Pseudomonas fluorescens group
554344	Pseudomonas toyotomiensis	Pseudomonas	Pseudomonadaceae	Pseudomonadales	Gammaproteobacteria	Proteobacteria		Bacteria			
200454	Pseudomonas tremae	Pseudomonas	Pseudomonadaceae	Pseudomonadales	Gammaproteobacteria	Proteobacteria		Bacteria			Pseudomonas syringae group
200450	Pseudomonas trivialis	Pseudomonas	Pseudomonadaceae	Pseudomonadales	Gammaproteobacteria	Proteobacteria		Bacteria			Pseudomonas fluorescens group
1806536	Pseudomonas turukhanskensis	Pseudomonas	Pseudomonadaceae	Pseudomonadales	Gammaproteobacteria	Proteobacteria		Bacteria			
198618	Pseudomonas umsongensis	Pseudomonas	Pseudomonadaceae	Pseudomonadales	Gammaproteobacteria	Proteobacteria		Bacteria			
95300	Pseudomonas vancouverensis	Pseudomonas	Pseudomonadaceae	Pseudomonadales	Gammaproteobacteria	Proteobacteria		Bacteria			
76761	Pseudomonas veronii	Pseudomonas	Pseudomonadaceae	Pseudomonadales	Gammaproteobacteria	Proteobacteria		Bacteria			Pseudomonas fluorescens group
1788301	Pseudomonas versuta	Pseudomonas	Pseudomonadaceae	Pseudomonadales	Gammaproteobacteria	Proteobacteria		Bacteria			
33069	Pseudomonas viridiflava	Pseudomonas	Pseudomonadaceae	Pseudomonadales	Gammaproteobacteria	Proteobacteria		Bacteria			Pseudomonas syringae group
321661	Pseudomonas vranovensis	Pseudomonas	Pseudomonadaceae	Pseudomonadales	Gammaproteobacteria	Proteobacteria		Bacteria			
1785161	Pseudomonas wadenswilerensis	Pseudomonas	Pseudomonadaceae	Pseudomonadales	Gammaproteobacteria	Proteobacteria		Bacteria			Pseudomonas putida group
1608994	Pseudomonas weihenstephanensis	Pseudomonas	Pseudomonadaceae	Pseudomonadales	Gammaproteobacteria	Proteobacteria		Bacteria			
271420	Pseudomonas xanthomarina	Pseudomonas	Pseudomonadaceae	Pseudomonadales	Gammaproteobacteria	Proteobacteria		Bacteria			Pseudomonas stutzeri group
157792	Pseudomonas xiamenensis	Pseudomonas	Pseudomonadaceae	Pseudomonadales	Gammaproteobacteria	Proteobacteria		Bacteria			
487184	Pseudomonas xinjiangensis	Pseudomonas	Pseudomonadaceae	Pseudomonadales	Gammaproteobacteria	Proteobacteria		Bacteria			
515393	Pseudomonas yamanorum	Pseudomonas	Pseudomonadaceae	Pseudomonadales	Gammaproteobacteria	Proteobacteria		Bacteria			
1076620	Pseudomonas zeshuii	Pseudomonas	Pseudomonadaceae	Pseudomonadales	Gammaproteobacteria	Proteobacteria		Bacteria			
1176257	Pseudomonas zhaodongensis	Pseudomonas	Pseudomonadaceae	Pseudomonadales	Gammaproteobacteria	Proteobacteria		Bacteria			
143	Borrelia anserina	Borrelia	Borreliaceae	Spirochaetales	Spirochaetia	Spirochaetes		Bacteria			
144	Borrelia coriaceae	Borrelia	Borreliaceae	Spirochaetales	Spirochaetia	Spirochaetes		Bacteria			
40834	Borrelia duttonii	Borrelia	Borreliaceae	Spirochaetales	Spirochaetia	Spirochaetes		Bacteria			
140	Borrelia hermsii	Borrelia	Borreliaceae	Spirochaetales	Spirochaetia	Spirochaetes		Bacteria			
47466	Borrelia miyamotoi	Borrelia	Borreliaceae	Spirochaetales	Spirochaetia	Spirochaetes		Bacteria			
44449	Borrelia recurrentis	Borrelia	Borreliaceae	Spirochaetales	Spirochaetia	Spirochaetes		Bacteria			
229155	Borrelia turcica	Borrelia	Borreliaceae	Spirochaetales	Spirochaetia	Spirochaetes		Bacteria			
142	Borrelia turicatae	Borrelia	Borreliaceae	Spirochaetales	Spirochaetia	Spirochaetes		Bacteria			
373540	Borrelia lanei	Borreliella	Borreliaceae	Spirochaetales	Spirochaetia	Spirochaetes		Bacteria			
1674146	Borrelia mayonii	Borreliella	Borreliaceae	Spirochaetales	Spirochaetia	Spirochaetes		Bacteria			
1476873	Borrelia sp. CA690	Borreliella	Borreliaceae	Spirochaetales	Spirochaetia	Spirochaetes		Bacteria			
683292	Borrelia yangtzensis	Borreliella	Borreliaceae	Spirochaetales	Spirochaetia	Spirochaetes		Bacteria			
29518	Borreliella afzelii	Borreliella	Borreliaceae	Spirochaetales	Spirochaetia	Spirochaetes		Bacteria			
478807	Borreliella americana	Borreliella	Borreliaceae	Spirochaetales	Spirochaetia	Spirochaetes		Bacteria			
42109	Borreliella andersonii	Borreliella	Borreliaceae	Spirochaetales	Spirochaetia	Spirochaetes		Bacteria			
664662	Borreliella bavariensis	Borreliella	Borreliaceae	Spirochaetales	Spirochaetia	Spirochaetes		Bacteria			
64897	Borreliella bissettii	Borreliella	Borreliaceae	Spirochaetales	Spirochaetia	Spirochaetes		Bacteria			
139	Borreliella burgdorferi	Borreliella	Borreliaceae	Spirochaetales	Spirochaetia	Spirochaetes		Bacteria			
373543	Borreliella californiensis	Borreliella	Borreliaceae	Spirochaetales	Spirochaetia	Spirochaetes		Bacteria			
478174	Borreliella carolinensis	Borreliella	Borreliaceae	Spirochaetales	Spirochaetia	Spirochaetes		Bacteria			
1245910	Borreliella chilensis	Borreliella	Borreliaceae	Spirochaetales	Spirochaetia	Spirochaetes		Bacteria			
29519	Borreliella garinii	Borreliella	Borreliaceae	Spirochaetales	Spirochaetia	Spirochaetes		Bacteria			
34095	Borreliella japonica	Borreliella	Borreliaceae	Spirochaetales	Spirochaetia	Spirochaetes		Bacteria			
100177	Borreliella lusitaniae	Borreliella	Borreliaceae	Spirochaetales	Spirochaetia	Spirochaetes		Bacteria			
87162	Borreliella sinica	Borreliella	Borreliaceae	Spirochaetales	Spirochaetia	Spirochaetes		Bacteria			
88916	Borreliella spielmanii	Borreliella	Borreliaceae	Spirochaetales	Spirochaetia	Spirochaetes		Bacteria			
56146	Borreliella tanukii	Borreliella	Borreliaceae	Spirochaetales	Spirochaetia	Spirochaetes		Bacteria			
57863	Borreliella turdi	Borreliella	Borreliaceae	Spirochaetales	Spirochaetia	Spirochaetes		Bacteria			
62088	Borreliella valaisiana	Borreliella	Borreliaceae	Spirochaetales	Spirochaetia	Spirochaetes		Bacteria			
